normal_data,bimodal_data
7.58586850122916,6.9774055181171
10.5548584842213,11.5872110855209
12.1688823533661,12.1915329331598
5.3086045947413,12.4328573892665
10.8582493776221,12.2208598421622
11.0121117843151,10.6294055987183
8.8505200797307,12.0233903988129
8.90673628843163,12.202259080075
8.87109600181343,11.0904945152799
8.21992434191179,9.30659863142658
9.04561460049291,8.65246234541046
8.00322711028059,8.71705313569126
8.44749221072402,8.92946271316641
10.1289176345525,7.6189459307946
11.9189881179415,7.73059656776594
9.77942901121845,12.3419679254317
8.97798098838672,7.94087258377908
8.17760916674038,11.7360504598972
8.32565663946212,11.0410693507122
14.8316703569787,8.30079148316003
10.2681764403041,7.7163536792178
9.01862820661811,12.2061345464596
9.11890425529355,12.2495651842559
10.9191788820117,11.3089156204541
8.61255950612505,11.867809020016
7.10359017922706,7.34595521615635
11.1495114418015,7.69656428875726
7.95268855407224,11.6459462361205
9.96972339927164,8.50200009724454
8.12810279766321,8.1510442137077
12.2045950924005,7.67572910077999
9.04881384226189,12.2506346505722
8.58111992497499,11.1701033595681
8.99748387881048,10.5273234705217
6.74181306184259,11.7097866064097
7.66476147581163,8.49806428619483
5.63992070210265,11.3698052760543
7.31801361579994,6.99679923933144
9.41141228247257,11.4670945361383
9.06820491918778,8.02781971667812
12.8989925305743,7.49817272324743
7.86271455265084,11.978132537948
8.28927073252499,12.1453406474628
9.43875399608509,11.707896042971
8.01131984740867,11.2731480779998
8.0629713642559,8.79439781294911
7.78536361471647,11.3585113686295
7.49602822872212,9.40395593798337
8.95234376202529,11.8558246504771
9.0063000854666,11.9979839959768
6.3879374863961,7.27365303752104
8.83584815062133,12.8055600025069
7.78222075114644,10.886681008026
7.97007598101598,11.9559014320741
9.67538095288636,9.09100671251916
11.126111637989,8.66031955062546
13.2956349456301,7.85821101131571
8.45329315211261,8.50453321821244
13.2118192577146,7.15931808104067
7.68438290461118,13.0859372651815
11.3131769286656,11.3484294826062
15.0979821414357,8.65871810048719
9.93047922039232,8.48389542591054
8.66073284067608,13.3068906613602
9.98479048857805,12.1978638117828
13.5541688962869,11.9003148581532
7.72278452649818,12.5919997794663
12.7356543588465,11.2962304991723
12.6591295815647,7.64335268997207
10.6729455944076,7.65823584565451
10.0137856768839,8.10605954029436
9.08906252367714,12.1421977836249
9.26695213425213,11.685134900623
11.2965731350063,8.54383483870294
14.1405417226619,8.54018238879066
9.69320317506606,8.35221962158261
7.21859810659702,12.1190169523521
8.55283644577969,11.1159456762135
10.5165235243357,12.1838877957859
9.3658817700776,8.32241639774793
9.64442008467141,8.54835859939731
9.66001184629092,7.68594766057563
7.25539622824661,11.9636869271065
9.65242565917193,12.0943237716732
11.7004645142438,7.62668302241886
11.3952174233365,7.64780901186616
11.0999947021822,7.09522188690729
9.19453604910476,10.8042049841354
9.61681245904305,8.01888375765407
7.61094424079497,11.3821399612275
9.89368236251335,8.33649894338117
10.5103920019917,12.1323643042649
13.4119280144802,10.6506156929643
12.0030265047269,11.6461590083485
9.00883311399708,7.38835538865299
10.7111005939995,11.5174997417112
7.7307839129323,10.2708610902255
11.7564072539046,13.5441731740894
11.9458335067522,11.9285218635686
14.2422342107514,11.3641918470178
10.82904706875,10.9473041438008
9.05056305294128,9.25553560692274
10.1319869874089,11.0046637020263
8.99504443521227,7.25152272443024
8.34800282574133,7.86054358751626
10.333978559506,12.8347884464182
8.20747074751048,7.83724722959384
10.3363707753115,7.75569797901649
10.7099365220297,11.246862280906
9.89578976625773,8.56422890632722
9.60813076256749,8.70570417580118
8.70186049678848,8.64236473383266
7.78046553720254,11.8206616276728
11.6985484053101,8.27194877451877
10.044725052152,8.76449464114918
11.6622812346137,12.5926554446902
7.51142429731154,11.1431871378223
10.3380528275324,13.1525713923191
11.3463326138954,10.2111473222267
9.94744724710295,12.1874679375519
9.61721566288795,8.31578514438431
8.43618670660025,7.61695908912728
14.116323975527,11.1329763098589
11.5010029063117,8.3149357504344
13.6484166047566,8.21963747411228
10.160119282184,8.29965260750361
8.73718140206727,7.85912182613091
6.97342375993255,7.80074113517459
8.7278003378299,6.95171915717494
10.4526030649943,8.62867002896068
12.0273806949315,11.7748344036604
10.5055002701327,11.6612360422816
7.65610337431776,7.90727930503713
11.3374286570501,7.83279082057802
6.69979813031128,7.96610297587778
9.2682955036162,7.34953576974771
9.36776334233384,11.765289677537
6.10350790535726,12.4161610985988
11.8401150447818,7.55972477062464
8.75425681024225,11.2201600705799
9.33192670000508,11.8326789520547
12.7902957850592,12.782994636155
11.2733488220779,8.91447757677666
9.78313660601924,11.8436506643478
11.0275255568093,12.3851112473816
10.7985436145479,8.63132025274367
13.3257128948608,8.53096236782822
10.551786807171,7.97675424238565
11.0125452464154,7.43158619922311
10.6951039500476,7.6923635807315
9.24552470500737,12.5676324334481
10.1952389262185,12.8472163689303
13.2774892902435,9.39036648220296
8.24881505162086,12.0265641303802
10.2435199972821,8.1639904590825
12.72426132169,8.28317891786474
9.53075782615458,8.86229907974098
7.89323438411383,7.3495881465654
8.26043278872818,9.60561207084617
9.21974594070589,10.8615011493997
8.30529985374086,11.2679527470727
9.4787212158012,8.95086145688498
9.17116058731621,11.202794247825
9.63389840456113,9.0778129440267
10.8141121957612,11.2992581476401
11.2492662564043,11.1133434268338
13.3564114874094,7.87546988777909
9.86261269287002,8.17558140486609
9.35832017468364,7.45656275569157
12.9420114340978,12.2704757548865
13.4086587956542,7.35254865588615
10.0864880751151,8.16260581879835
9.33468536173296,12.3937550651326
6.35552916487381,11.6281935618516
12.8225247974936,7.82110026023264
8.32483513184628,11.6188002503571
7.75247441120937,8.6269712538498
16.0875317721906,7.71892063378344
10.4700426165013,8.53366362102221
9.93348277977339,11.6181387487435
4.53556095408839,7.8787362097175
9.80041882311621,10.5322807378785
11.9520634698448,7.79407397950447
10.8277378309022,11.7169681414779
11.8246443232202,12.6600763502825
13.9674644013688,8.83071584774135
12.3382170280273,7.10958449206264
8.98252596916956,7.59370307510117
11.408360356931,8.08358968592426
9.60316745235584,8.59800471091963
8.92385842223027,12.3665151288846
4.28848268996153,12.2296875435996
8.42070629547248,7.94236418121007
10.9756292703274,12.6532665553733
14.3360650790387,12.5428819735555
11.0013892285616,11.225542285807
11.2404204073346,7.42730031680945
8.06819357973285,7.95849666682153
10.3253094162365,7.26245306200748
5.84352491622525,11.9189997985942
10.9704536411385,12.3792367666333
11.3935375571298,12.2710840135581
10.3710278311661,8.99606463215949
11.4014670310889,10.6833883727938
10.6233620573227,12.1308980750047
11.5209247239357,12.350663557595
13.6849272524153,11.2332966274293
12.2247256825252,11.7764430781821
10.0653279150029,12.1923950715534
7.77110207040527,8.36261014142454
10.8361156447702,11.895549818308
9.19952952531367,11.8485847115988
12.986986205235,11.7918937306301
6.78583812030057,12.8025481358483
9.16849642319697,12.3573743565685
10.8440167464348,7.5007058129109
9.69652692693005,12.1747700823083
8.78769776947156,11.6223465983963
9.39055786206657,7.40533615411467
11.2590721997689,8.21508214774272
11.7903439605511,11.0012106708778
11.3204252636408,12.6332103170287
14.546967040895,7.85892237557537
12.3469951452648,11.4370297593198
10.5754194566276,8.2612052681836
8.68045981235739,11.5362583038583
15.8382802614352,8.59808754859982
11.3548310008767,11.5131747314094
8.63135931172799,7.60325747041414
10.3729841661619,8.49733227724272
9.35121339903269,8.93351246908478
9.45059156354839,8.04501116446996
8.13299331882027,11.6037972626897
10.2336906899722,11.6844204324195
10.6383204772962,8.45953987788513
7.84491575448114,11.2325819968502
3.53369573415373,12.7693500484386
9.49025069469093,7.91531155590813
10.059035660643,11.6124448630708
11.188547548221,9.36472819952891
10.1182703363576,7.7512530863522
10.8267977894741,7.87211900226532
7.80445565085916,12.0868028588809
11.4223505145409,12.062187716929
11.4377774597083,8.26026367078915
10.5033021380579,11.4339184954202
12.7145488723035,7.02446228878772
10.8089369425572,11.7535048051759
10.5287285396759,11.1308365264825
10.5360878082874,11.4804800524771
10.873861154079,11.741646422148
12.1202478109747,8.52314801449595
10.9043807930574,12.2178841007326
11.3263972313741,7.46877386802653
7.72725289201833,8.06884797365346
9.25900496581577,8.39724188860857
12.9539391795849,7.61098447831077
7.55219249897249,10.6705292493168
10.5161367747922,12.4497946736729
10.810005610867,12.1718509092771
11.9516066436189,11.4036300790285
9.30224652692018,8.43726921797152
10.3172508789825,8.86411939746134
6.47348986691769,8.69150065750764
10.6771920941998,8.86733485940868
8.66686994088145,8.92313658650222
9.52270675134471,11.7991708612265
7.62446943508561,8.03660330775283
10.7698706435372,8.94430443715356
11.333159031309,10.8784948702704
9.39077222108453,8.16700306871512
13.6500221281726,8.59322097130467
11.3411187411352,7.50004737271758
11.8972651465103,8.12735758976481
14.0988060033418,8.17255632683813
8.69777278152493,8.6152160390077
11.6172385456926,7.68481416374313
11.9731612279091,11.8148183853762
9.9876584078186,9.24129312539331
10.6381047158638,12.3454469538898
7.97635619451631,11.9438772628051
10.9403350954528,7.72287650571336
8.59805933674181,11.6217886779917
11.627365725053,12.0223585470154
8.37713843201445,11.8088823934339
10.6387949741989,11.806871511062
8.30695469367275,12.624492349424
9.50847364174254,8.37000131296656
6.89428197778908,11.4521260967988
10.2568680658515,12.4048592210641
11.9708867788097,7.93776489716196
10.3664950461344,7.18254708635925
6.46754157313908,7.9672648858755
8.75893260676811,11.6508857631911
13.3120860739975,6.8018763050663
13.6196107711678,12.5597494158229
7.64992646397573,7.36868603551188
9.26659348234472,10.6340678382009
10.7072508978546,7.87841081378501
10.6383124417358,9.22424867489383
8.8400860219612,11.8941898547926
8.09344259610619,6.68132956581666
9.64114282610876,12.0970127866644
12.0196164298886,11.8614079288056
10.0472532298428,11.1730650260604
8.7019435608322,8.78451135124959
8.99125155590362,6.92051588368421
13.2287829909167,7.91698791478051
9.10608037748867,11.8347883482874
11.5263535222266,8.54981374475655
12.9434373723716,8.07734154242158
10.8873298073748,12.2893263472672
9.15655625985962,12.2733456996701
9.91999674758785,7.87386280659853
9.01544006354423,7.01214615929437
12.4554342346255,7.02244995107841
9.70089286951122,11.297211954346
13.0999667679649,10.8691640955046
8.87677492923737,8.65844897632319
8.70576549873528,8.08817906420101
10.2862643181009,11.4644406835698
10.0483772959821,11.1371556227799
8.99109695083826,10.8560930989168
6.83720638013932,9.77292993021643
10.0601328425108,7.96765613928903
8.5668466018586,7.68793968165351
12.1652219109522,12.4134378197676
8.09462909012141,11.5268920029482
12.2529654580183,10.9660397684828
8.70191396524177,12.5722397966036
10.5849401568135,7.75889801193795
11.7974054488055,12.0758869309725
8.96251528641625,11.7784239170773
11.1088771046903,8.12276305170414
9.82405265763197,12.3001087994115
7.72957414118496,11.8323336924319
9.4598407780002,12.6598163150737
13.2395797550699,11.5365137489779
9.57173765260672,12.2063767639191
8.36443507415009,8.39047229747
9.89195415183679,7.02981640043426
10.6602832197157,7.91402465742056
11.9106492293148,11.2289087423099
12.2879197555849,10.1273357280006
10.2010447967501,12.1069954230934
12.3291504913148,10.5997357911898
8.4714801044017,8.16215368875329
5.31097319061939,11.7936155360102
9.05663314894093,7.90315119375155
8.96828902098522,8.36781816567855
5.36792769699488,11.7045945831491
11.1249435139391,8.10315070859427
8.43244972115524,12.2263956894681
9.54789202754367,11.0337779574938
6.82579402469192,7.91008352382843
11.0950484037366,12.2653008862504
13.782454034711,7.56574464670395
8.24384577955191,12.4455667304815
9.77488217791043,8.44581400455904
13.897426129952,12.6717227751889
11.8676326644155,8.30501968298278
13.8261188433941,13.3152890001063
9.98953188413612,8.03253934873768
9.69547990215673,12.4241288022561
8.98073668564176,11.2822855756351
12.8691474068522,12.2609522795974
7.42832293533402,12.5382225799268
10.61462843051,12.1593009160248
9.90736293344523,8.66490649649016
14.5036836002538,11.8536156744687
8.78393254278058,8.27684942967328
6.98142366029793,11.8383740092058
10.4652635390172,10.5072139275684
9.92070260789781,11.4979869765509
8.32174986498931,11.8792716300699
10.2645821764883,7.86131352150215
9.44895050658812,8.48255285335105
8.64248271746394,8.01576651674668
11.0016718635516,11.3845748479581
9.33667537598642,12.3673158907754
6.33003949845495,8.61737429791802
4.69651750325464,8.42351336995947
8.83883565583117,12.3119986800803
12.9083737417424,11.8623041674288
11.6762587599294,11.470860514816
12.4301071608923,12.2127961772828
11.9650108854656,11.8755696099905
10.6315280480369,7.92749618809629
6.98587474456736,7.46138032259967
10.4111395743326,7.8634236904513
13.1944561806876,8.76094761765345
3.20787293085127,11.287999681442
8.43729543139584,12.0536613696728
12.2049292815038,13.6525780382644
11.0574900388906,11.1984931897484
11.5787888070297,8.86350639455778
10.9141990117122,12.056050714377
11.0776662313162,12.105172794215
10.0292862448222,12.4290707727048
8.16702172859381,7.52905640530544
7.54636981846469,7.2951801645256
10.0723057362604,9.05002337611884
9.15721377285722,7.04922674328236
8.20127118307419,8.83033281825382
10.8348826349731,11.7846915512786
10.306889473728,11.6209915716012
12.9265660903865,8.5720834595465
7.75699500534892,11.8835717879181
8.96442383388995,6.99465391030687
9.85010582332295,11.1604534570038
7.18441983712184,8.716047815929
9.43058826377905,8.20848836693769
8.58365764357325,12.0474518564381
5.70472199772497,11.4736532517198
9.43232567877728,12.1665258575076
8.93185567204783,8.35890369265514
12.2660203883084,8.64727180581576
8.79186215430469,12.1754140305776
11.1150231911849,5.57354648000046
10.2852585865102,8.7556192058346
7.52627957030935,12.1069162543871
10.7482879450064,12.0042644454491
9.78782775306709,11.908381054777
10.3321239730181,12.316399553875
11.3160696966848,11.9244606423678
10.2279258399428,13.5790474142345
13.1703183280624,12.1596820644694
10.2311068808866,11.9463126385929
7.49200192143297,13.1825814759855
11.4837295586015,7.94936356158184
7.5541967700003,11.6502566085789
6.16221173647577,7.36982427974118
8.38012722015841,12.0479378107648
8.51064554242945,7.48737396260236
8.7849881546136,11.4145965089786
13.2135191321299,7.32146228454903
13.2711988925673,11.3802942832897
11.452182193397,11.3473726755522
7.45233014991308,11.7132420834716
10.0462931108667,8.94195235302266
10.974242467653,12.3225421300975
9.72594499346054,12.0573945319958
10.343490964912,12.3546657225686
8.11041217020003,11.6630825782341
7.42475938798758,8.19544965751862
12.8155314775021,7.98311709184771
10.5347453781063,7.95986051156001
9.18320471570797,11.8445315331166
10.6505424398339,11.4165089655343
14.1249619462387,12.082241752974
10.7253339113279,8.86793470143782
12.8228092894078,12.0832548248199
12.7350886291509,8.14420774998458
9.18564770575692,11.2989995314314
11.5250834617717,8.77195000436277
8.69759835393655,7.95242171376776
7.05268844106337,8.18411479852511
7.59666840718978,7.60172381610313
9.70255904373981,11.47468861624
13.5941248571046,10.715044247462
10.2096174357111,7.2593773655498
8.39432405329705,7.57441738011019
10.4607499283273,8.30230013554233
11.3959503864362,12.0428210190722
7.40959653610824,8.58607126967174
7.89063956404467,12.1597453807982
6.11678502064986,12.0579508339546
7.46087881399256,11.4753278419849
8.22512237836778,11.8622182710185
9.41616847459361,11.4108367064231
12.8201881059461,6.85184737773524
11.7772828605279,11.9467048738309
10.5459486393805,7.93426046180478
8.86671706794762,11.8769423937153
9.91958612512685,10.8241783803784
11.0952244906021,8.47217317889049
8.99193335678893,8.4446236553913
12.1181402591176,12.638300832897
12.1949071328716,8.91062465772883
7.66699074074883,8.34985827834418
8.50617737982788,9.33651328951377
12.4134774666785,8.65899743766946
6.6255602389133,11.9663057548714
10.8394197898127,8.27874576293912
10.4669975232776,11.7589884272406
16.3918023957148,6.87443086311342
4.5406393175461,7.51903338782453
8.31840839715191,11.8783685639395
11.3480573373009,10.5144882323321
13.3486530193428,11.1305495434623
11.679374167681,7.62301609221952
7.14326312888962,12.6529027247002
14.4787763383356,11.2591465108395
6.48546755179649,9.66633224726737
7.77396782419068,11.3387745398973
9.91371921877333,8.85444066128826
14.4511738178132,11.8318385180604
11.0126331746764,8.09033443839994
11.4607921028715,11.6291061415151
13.4561551894736,13.0329694652485
11.9695599366291,12.0721700463087
7.55052424807147,12.160566334437
11.4194524361316,12.1455244635976
9.78156001484387,8.43046139443557
13.5652157907767,7.4141065801069
9.51311064079405,9.36112957463786
6.94578595549078,11.7240113956154
10.9836687429332,11.0818512552045
10.709007321854,12.183342252678
9.96474730473924,8.86266913247217
7.88689935576555,8.11917930729659
8.32217066784346,11.7804143934223
9.97474856701915,8.48328273986515
12.0762202920087,12.2111852018147
9.27108457218988,13.0517496053364
8.25710105562921,11.6118340756435
4.5915939491066,12.3776462535341
10.9884996730813,11.2922694191188
10.8546806499982,11.6842873572299
12.6183817202194,7.91109802303533
12.9334452846214,13.6824100185844
9.71388786741077,10.7645653997804
12.5970274524215,7.80141658712695
10.0026270951118,7.96403555100987
8.64717984862884,7.31089786038152
8.30360680622906,12.1294424496981
9.30611779918513,11.9889932147788
10.4549588860541,8.6313144132477
9.94519719277778,7.7079366195706
10.4017555811701,8.68458492953565
10.3978853436456,11.3323919914077
11.4291987121674,7.19298032802458
9.4536364502203,11.4800157986878
13.2706949158635,7.59798849147256
10.8753877729593,7.07473990699805
7.61292829850184,11.1534177762763
9.44670039160164,11.4036940370097
11.0317661010702,10.8479431312878
9.17788933582731,11.3485185590992
10.6899900989451,8.57957768960042
10.8687917216623,11.3962217006518
12.6069553660101,11.5429577441082
8.69660817853385,8.06208943797076
9.96623827534402,7.6998546197653
8.86461508941282,7.78945964306987
7.74573426047343,11.749972055442
6.30205937764194,7.23941004502947
10.3910581103638,8.74778302942646
11.2031304503912,8.29927341900723
11.2783163195799,11.6846898140773
7.22001436507584,7.91319640695518
7.74064429320483,11.4017686185042
7.71769161032486,11.9612876519309
8.62265700079823,7.65225401194678
10.3403956363043,8.4341145939206
11.1889668545148,12.4256259908109
8.36993469855009,12.0729231117866
4.27130632586654,8.34483048229639
11.9076469634165,10.7563471021178
11.2305695412269,12.1317508038521
8.59825859889947,11.8980121233165
7.85267731706042,12.3792318583319
9.40001760640053,7.19293910084523
10.2162131256051,11.3992633747068
11.4464015271753,12.5327932546262
12.7801901921485,12.5723762694146
8.30223320324319,8.06559404937973
10.581445689287,9.08343451078915
12.6683520674048,10.3651772321542
8.19731568948183,8.20689458368687
9.5544731741343,6.83314469378219
6.4570639435932,11.32656272078
10.5748445002289,11.589318594106
8.717616475352,11.7114223769077
8.15012471552211,8.15884257319007
8.44004506162935,8.73973079370968
10.8890067471887,11.0330107032769
5.67506199477668,11.5304712738441
9.14897820015811,8.17203395719455
7.97256468159091,8.61462998955536
8.07576194339251,8.0245387725728
10.9492692545547,7.30964961034171
10.7035085392091,11.4046545991276
9.78595928750604,12.6521308079132
11.0750345132007,11.664307058022
8.79579020310374,7.34267668034482
5.95340470933264,11.8548519214287
12.3088425611963,8.9909130853185
9.53861400461178,9.03055590076938
9.26982246357018,11.2959091311653
10.3150358587514,11.828630231338
11.5318644459688,11.0553899945529
10.8521739324046,6.94620270539476
11.8545307999306,10.791106605247
10.092269185681,11.9819565665541
8.99142871381778,10.8359795982255
9.39910118328888,11.520517848707
11.6458319572917,11.5817447063926
8.30146240774192,12.019399951569
8.09277980863761,12.7710027547893
10.6269574317652,9.39848188321518
11.2249466148666,7.64295418358904
6.61783354492624,12.5906073092991
11.5693972548846,11.603324243208
10.02385027052,11.6704852569589
9.63748942426008,8.61879484085924
12.2139088049613,8.00743893527915
12.9587897419765,7.75455230133701
7.70520111800032,8.28626970276027
12.023308753028,11.1158014278492
8.73586161005024,11.8510584593538
10.2647226390382,11.7824034908898
10.9618521294506,8.73972855170718
10.2663552551692,13.1997629576665
7.07427107534361,11.6204480691476
8.98719643905052,12.5057686697998
13.0793264746751,11.2916779334799
10.3455872367746,8.03298299372575
8.32835215184064,11.4349081106236
8.68814259224078,12.16732878318
12.1151321730706,7.01421125555038
10.6921669797307,8.44872354598791
8.20562691601261,8.85066893550092
10.0125304225113,10.8261951984011
11.1933410181515,8.63265927987553
13.445103615888,11.9869105986654
8.23650103318131,11.8860857483104
9.24010808966626,11.1524612194636
11.9922200317475,8.17545555380084
9.08175821411232,12.6984283172909
12.9205314924251,6.82771002163405
12.0864923539007,11.5445090717785
6.68191805930633,12.3807453233843
10.8479155524548,10.5465867649386
7.16167414762952,7.98155336793811
7.07061508665864,11.3402461124137
10.1408419442957,8.26455078284141
10.1133964439605,8.74877624324193
9.93458364546882,10.9901105028824
12.5285624481327,11.4922911520855
10.5899757714605,8.41563944381211
8.65382635899102,11.3645297545978
10.2391765829819,11.3749040114792
8.97120698201741,7.38072671758732
9.86377685226693,8.53135640747472
7.70397617632651,7.12129386964213
9.76951103974166,12.5587665477023
10.205872783698,12.1497273151034
8.59651302579372,7.75216980934587
10.0824612485406,12.9094603617149
8.70246329880304,8.61560688850643
8.71198428106711,7.75208710220155
9.59112234986726,8.35626150594631
10.9816818353232,8.68635890685206
9.58932602545894,7.95545258497827
10.3813826478505,11.4852946242018
11.9400483853222,11.8158736149918
9.42947784430586,8.34881303345859
9.79276146291647,8.48597099433923
11.0225090824074,6.84554562301477
7.48367509996856,12.0317546711585
11.0876519379124,8.08196971173592
8.93007282683402,12.5191088059733
7.72390794643986,11.6995063229648
6.46399245824869,12.1456200462657
8.57004359426452,8.1891669360498
7.65959547128076,8.01060154730341
7.64310370316108,9.28422640782218
13.2545826759067,12.1932261204794
7.57570666874293,8.33365424476495
11.9950198348826,11.1441612018433
11.0904912828403,8.096375826004
8.23042176964976,10.8799434307978
8.77753860423726,11.1082288741432
9.17960097433329,7.47635966015776
10.3808187396736,11.1143009266613
9.30335014208132,8.6258504809537
11.65369506057,7.71918885141862
9.41462619539455,7.8967353999767
5.66930758007352,8.02240158936538
9.80756644759324,8.1026147676094
6.29608630750283,8.17688557112321
11.8756222704642,12.4911686390446
8.50462703712101,12.1393709767709
7.76951712859967,10.8414226916642
8.81698716940235,8.26221998998536
11.1704613678184,10.8922025473835
6.16288360138027,8.02917522472986
10.5076335830082,8.5026538671887
8.05551646750766,12.3756768864739
9.98297310392397,8.26244192299559
11.358083822015,7.68866894555116
11.1392627333848,11.3506993193149
13.0059233222568,7.99564504863391
10.2581708023309,11.5110940093525
8.59763409664676,11.9431765024195
14.3074144319545,8.70181981875082
9.3935077234765,7.20579608429495
11.615159553816,8.64942808690662
11.8619829322528,11.3751413894684
10.9098041965459,11.3282157159289
12.8508413801272,7.59413304211639
9.5820176549745,6.89472954458935
7.53719444181878,8.13866719419793
9.27879284569331,11.5125600626855
8.90557340103189,7.83518330499124
10.6559920150289,12.7885373745835
8.13340033581269,11.5803453374176
11.3616216496004,7.86648929899573
7.67223519962729,12.3228329341642
13.5108990197667,12.063142294045
12.8992747285098,12.6542316626344
9.10241011757783,7.86732725275196
10.2801345778609,12.2732682774621
9.25269934364484,11.5922550219524
7.58713176552383,11.7432897721006
4.67730805011797,12.8701992802072
9.94981101346882,7.57913168468991
9.93125348550187,11.4437652110661
13.2847180780897,7.07050562323429
6.00907570492234,8.58229129062917
8.67565848279518,7.05222047777616
11.7600759846201,11.8057540586782
10.6847748400033,11.8547437448104
10.2435077110476,8.71950018208003
8.75847793097637,12.177578142169
10.401890535148,8.09202679164788
9.52818930395332,7.93198220898364
10.2273222299405,12.5560925103237
8.84414160942436,12.0104484801471
12.3771297716767,8.52699134276046
12.1198725562429,8.11724003059218
12.6735164217294,11.1392250814499
9.26566165773957,10.6187420346707
9.39132659044321,8.13841774906895
9.29944075152857,11.773564404852
12.748289525456,6.69448175281665
9.40055901624986,13.0873745584895
10.1952702884505,11.6343333449181
10.7623760574474,7.85578552066639
11.3564251136376,12.3657055047962
9.46465345553146,7.38275561234228
14.6919313286698,12.4229635723618
8.14501068895034,12.5802560514488
7.14688565260452,8.15633027726943
10.0846053287796,8.46186046838943
13.5348869400096,8.12785305411324
10.1055006542907,7.33099687307097
10.2194520799399,11.7809864325252
11.7264052311163,7.98323552436885
9.80205359046077,9.0544627546105
10.2073930921724,7.2973240901137
12.4169697513693,11.4699119639163
10.1874920421055,7.95557244764632
8.49560696210783,12.3615039832561
10.7898484397453,11.7501376612844
7.81695913202516,12.9858248312829
7.08341515000861,6.99536103324052
9.75457543008849,12.0960831621032
7.79814161666321,12.2578303358869
11.1618461436795,8.74205177123185
9.70610502128042,11.674635693057
8.46733076985529,8.8436842215697
13.2457951570892,12.3853504160411
9.78011891192802,7.29543704548809
12.8434097085241,10.5940725737848
9.7731579020072,7.83545496354276
9.3414381168377,12.0025427877614
10.7469219671943,12.6573998813278
12.0597762618796,12.660665242379
15.4115500943987,11.0464909711939
7.93010825750151,12.6250533419254
9.63314028271855,11.0203248601599
12.1555426149027,7.77025892660598
10.6832404505976,8.17081003386725
9.62531275176265,8.50141996369006
7.39428178294105,12.5408884067803
9.44268347604867,11.3709079273852
9.63049218308347,7.59143357852185
9.83644500565287,6.91227896531943
13.2244835874541,8.40248959250417
9.07612032099066,8.36138164158641
6.84789939836273,7.78703333253868
10.9928661470623,7.807705398631
9.77609243236206,8.01919310136116
9.59130719957605,12.0323725422621
11.2711363257128,10.9831322385698
4.18665209185691,8.55558789584382
8.89268349447809,12.981832590632
9.69309634349815,7.39146000441901
11.2105810315209,7.55448402770802
9.47798680763128,8.33097011258028
7.9897230751775,12.1951304608676
10.7451322286252,9.02534299652282
10.0388923530402,11.8373928650613
10.2210576307906,7.48445321080299
12.3131408738472,11.7010515154891
8.91555907957648,12.0713034866647
7.50159743316184,11.0504938954454
7.43997480649362,11.7755724853054
7.95213442441923,7.96842862844192
7.22469884002387,8.49078119014843
9.90155777118775,8.33652198294587
13.6219214609663,8.60873695153602
9.80097986858347,11.6560339074496
11.5544742485948,11.1850288580151
7.79480734963997,8.1890184623403
9.55671043459641,8.29605481115023
11.1321899251918,11.9298264774137
9.29008130948987,8.16579036271951
11.5705252029361,12.2225448826113
11.3880947571988,7.33227071760642
8.73454020883009,12.0931606925654
8.45608271607738,11.0607160814225
14.7156347752022,7.75602669517632
9.61490132728038,9.49756129768031
10.0132386684284,8.02454746273278
9.89090795074528,7.88542749164849
8.86358623891925,11.0580739436498
8.14604811260671,9.0242345075882
7.7285296372386,8.06111071668678
11.8279246781089,8.33547794825384
8.02787433335426,9.02787767949069
11.3349708269793,11.2302606633114
12.8131909794132,8.2904205866036
12.3155579202358,11.9946960114699
9.72249360485293,7.7566169545732
8.92135629807972,11.2053315573175
7.84221300187697,8.00469715098102
9.96287572009778,12.3901176812748
9.53476862864259,12.1441010731537
10.3125870850283,8.35916261018422
8.79198049049193,7.62290698281076
11.2580702402433,7.97174663946317
11.428339141704,6.74708534704104
12.1517722025775,11.0145502115429
14.4995110347586,12.5551143289139
10.3957811977586,12.47208022549
8.84890736304259,11.7067775372627
9.84535826999081,12.0303120734501
6.74416022179796,12.336733387822
10.2598463079381,8.17400623884993
9.14865373347988,8.19805778826062
10.8120234970423,8.25939708906869
9.46237962872386,8.48771566906955
7.23803092740459,11.112883432592
10.0731666426891,12.2668992524466
7.29351093764723,7.68238702450019
11.7940123878845,8.99867821015926
6.34128057547215,11.818239512748
9.71624611165602,7.25170446590562
10.9159635556856,8.22124200563019
6.96076497382003,7.79383726346534
12.7981106293205,11.2009323816796
8.22932161819395,8.82868783599192
8.98733941755736,8.06260403667571
10.3266642119327,11.2463956436283
9.32571228748322,7.66417270082207
7.92809693598035,13.0405841990524
10.8186758564334,11.9840820768467
8.95155308356623,11.8039764348935
11.0130007470484,13.0436343434979
8.99055427445058,12.280052215197
8.08549934209299,11.4509388501922
9.81073128309349,8.91090394114021
11.2988786352212,7.86858589851199
10.4846435986541,8.5952055317446
9.88213181947657,7.85254534236768
6.10441185684765,9.09202003317014
12.902887263783,12.1775350489137
9.92012064472456,11.8822678767928
8.27200461786018,11.6908478104952
9.59661952057496,9.45258322075999
10.5225111254549,12.3710474654678
6.96329723338827,11.613686441716
11.4346172645516,12.2584470206441
10.4936654561928,12.8784794403709
12.4055340926102,11.0043600094979
11.9720785408947,11.9274044354958
8.92411880187552,11.4624411482078
9.01943451637209,11.4688085410593
8.00896765487511,7.70806980500351
9.27659414349077,8.79681167082106
11.8887096225938,12.4222554329834
13.5844140232309,8.15381501853434
11.8568187917286,12.1468378082138
6.34012466073863,12.6400850556393
11.6437562123262,8.29087477913995
12.0725375240068,12.1760769699094
11.2348402882596,7.78028171769455
8.29013927376243,7.95885046880703
12.1290210369694,7.99338174549335
11.4589629162073,8.72922215361713
11.3253131687162,11.858076660853
9.23718559459152,9.21979617553576
11.6917835555872,10.908022946445
10.2231837688916,7.80492220067222
9.86445947668793,12.2123533692532
12.9741961930366,8.31820548916237
11.5144467532925,8.65502566579347
4.25191501320258,9.09654008153089
9.14691510184504,8.22135567063408
7.02518740873605,11.570695555633
11.1775832914219,7.49800561754842
9.11480097844844,7.36147087343981
11.8026096046404,9.09946733563194
10.9356566807354,8.27251749709088
10.0440806373341,7.44741099119904
9.82978433640878,8.08309720436357
9.27746571469308,7.37682784344909
10.3990130030745,12.0173044208093
7.78349149059939,11.8553557147717
11.3455881409727,11.2097038215612
9.21177273325272,8.19587821864254
8.51206482883001,11.2875276101957
9.34777304643318,7.86029641219587
13.7493376536289,8.39095328110882
6.48400170930653,7.39024492156156
9.30227818007026,9.98792594680089
10.2131784582368,12.0780036189286
8.92468243758971,8.46631599888545
9.17746173617633,8.63357355764266
10.7646966759522,11.9829987127341
10.4450281770853,12.096473073239
8.6524909833606,12.2359872056766
11.134865827741,12.2323061326769
10.35896730952,11.2771573563986
11.3726834989761,12.1725124972
7.34547267703318,11.4065625597824
8.46416712355533,11.8752013508149
9.61459498265442,8.49361255649154
11.9181023961644,10.9259452622494
8.94193727604112,8.03409410325905
7.93422601809829,12.4242773222928
11.5434909808948,11.2887072315452
10.9307133283971,11.7389807753499
7.54865786617205,8.7356859239289
14.0933544804407,7.83212241251991
12.9973488977946,12.3767364509122
7.22210183064632,11.0646141934769
14.3067529274456,8.2476680938723
6.54176651890127,7.67899524060457
10.204084970189,8.23743163156292
7.71744174500581,9.28843140934722
9.24598182359244,12.2987132536839
9.30243580247591,12.0473289030848
10.6457701624571,7.56265953647575
7.75132076411968,7.29858085749458
4.48590055535866,10.6679519481685
9.80837780176054,8.52138194912393
8.5066003900867,11.4020608907696
10.4215628360108,6.80396379828127
8.30298038298236,11.6583293667424
11.5845295314087,9.01689556563395
10.0583748651513,12.0546480063403
11.2067760249676,12.965591061139
8.0101197903731,11.5204327679114
9.57733508371248,10.9206727762711
10.6880421749924,12.1670211407132
9.82124294203293,12.2456421354422
13.308074933033,8.02302040065869
6.07418257358205,7.85575806842411
11.512251022999,11.2138676284537
10.0288373158861,8.29532336735148
11.8914276081216,12.1433337130172
9.80238301522743,8.19149065467602
4.52049151322571,11.3155420446508
10.8406116988463,12.763512027501
9.56324147547803,12.2123325785609
8.02128934080349,7.87134313887317
8.68706220763092,10.6005569124634
10.1113270964026,7.95460466779918
14.9041268895499,7.93074480508171
10.3763471474754,8.73060628641886
8.0406072632446,8.58037227455794
13.8072209350091,8.45791713687131
9.12296043560877,7.94301168903773
8.34054780882907,9.06238478102732
7.505537362476,7.75300194316867
8.65238167382442,11.0775583278409
13.8703345279339,8.43755007955021
11.8131228697282,10.9754574841501
11.4730535428542,8.07758494145428
10.2932506080903,7.34070138562252
10.566241593478,7.65649955109057
11.1785534415403,12.577945377795
10.4316989531541,8.65750171622281
10.3101064697486,7.75275503808883
11.9076532726077,7.69602609262936
9.66829459504142,11.392399229856
10.5100074911419,12.0262806415751
8.20505528129068,12.7703840700168
13.1679402094056,12.5651018594119
12.7855172563319,8.71149932507112
6.37548353654216,11.8410786948583
9.56736064282108,6.90297072383004
11.0997121134218,6.97616396070635
10.9654724750352,12.0421127418775
11.5216974579001,8.63439138825557
9.10868396613197,8.51471072328319
7.58933316075295,11.248296280799
10.6029334795294,11.2788702047232
6.92170955280874,7.53345250672134
11.2707414469872,11.8884187298224
11.4059035495103,7.58549290130936
6.18823427076532,7.75304609404393
11.8778428991125,8.60678113310838
9.55101578900841,12.0871266766333
8.65236644922411,11.7071276754353
10.8915748896113,9.48839283268092
12.5612342137972,12.7866285454744
13.1302602685025,11.4340907377692
7.59890792762101,8.96592138069825
9.12461006725203,8.60277499765037
10.2927629636489,12.2496158486379
10.1320381511078,8.64759431015093
9.10992796940698,12.6432781589087
5.31577522711699,11.3111642005301
9.4432352649843,11.3882251007988
7.6363927353103,10.9536389415062
10.066250545128,9.33224293124172
8.32456597631892,10.4665548641834
9.76477783950742,7.97611389284519
8.51695485774161,12.1557013848736
9.18330606163367,11.7469304221209
9.24445847808257,11.9098821406789
12.6567334239944,12.5464512320561
11.432872613684,11.4375039267825
9.53542162349808,13.0593314512531
7.54754619951467,10.6160708221155
12.0950761818633,11.1436889027216
7.12718562635234,11.8424713845727
7.63506214322681,12.2861556029234
8.44759032837369,12.3863304481038
8.0553729810485,11.1285852972895
8.19268487761785,8.37036262891685
12.5744078920889,11.8713314440624
9.78762479802537,7.36635427340812
8.56825809268587,11.7388229098627
11.3434443929553,8.59001021710787
10.3952672518338,8.39385899430966
7.55980654933273,7.46440622955941
8.87806975909807,6.66400102739345
11.0674652688234,12.1814049979372
13.9006309293678,10.6642121217964
13.163886459201,7.86674359746371
11.6755750444722,6.48638763264688
9.97386067463105,11.5126982165302
6.54840807597803,11.0793139516485
8.53829285263605,8.16863514992713
9.56917226930607,7.80236435875493
10.9804133371074,11.9010738365897
10.1187868475123,11.6452351979938
10.1166241058491,8.14642367719748
13.6767262131499,11.9450170003606
10.775301798827,8.91018451786712
9.43889855069068,11.3432090342203
9.14296452407285,11.6285646225358
10.1906498710639,8.29334509025743
8.37333718211716,8.25851699340101
12.7363801548509,11.5640156144193
9.42492793981954,8.68878392221885
8.94289515304496,7.1243279120961
8.25397415348604,11.8383543787043
11.8717861448013,7.35713330672677
7.44546535395558,7.63371177496402
9.06252032212154,11.8088784293365
10.6250325466793,9.210640866766
9.78335539671298,7.99169194561765
10.5015808346661,8.39932936001378
7.36761321158755,8.87548638753964
9.13984910166523,11.9869834899366
6.59178060482774,11.6893144844239
8.31572526957108,7.51193897735437
12.2965011906175,7.38839568497395
10.5056630718184,7.83288301695596
10.170574372249,8.10713324000981
8.13274773895759,11.4605994957958
8.88636078768074,9.18653519409754
7.96725936115846,11.2843592151563
10.1070504996423,7.69661449102829
11.5302672122945,8.76670147645027
10.598389630763,8.74208630400111
8.7647685035736,7.19857496525513
11.1055746271486,12.3506950834794
10.775816997738,7.1577040523447
11.6864218845007,10.6756584817359
9.11874482732681,7.90856361899028
7.64126925349455,12.1453467776714
9.83086186928236,7.84052055694466
10.6055553901052,12.0467150664826
13.1181874622487,11.6818188943735
9.86067494538951,12.3875718466771
10.8540788289356,8.62508393076022
9.83347360344764,8.33002504227032
14.3127954815236,8.58696798939852
12.6759361187647,11.3856708095732
9.53539110520951,12.4680618723683
9.74519182010522,7.72444533754361
9.9566291914565,11.6547856544377
10.2265081687692,7.3156066997652
8.86980917901505,12.6891107347982
10.161400774489,12.8203195255212
8.60845718682211,11.1070603379113
7.80759573409603,8.24029332062348
11.608881115509,12.2970501169579
11.3132882398694,8.4377487965898
8.86393864531092,7.32592518792526
12.5455716829763,11.6762037106486
9.61491216848606,12.035994919048
9.43266956282237,11.4100153193639
8.0926565741215,7.84928117554339
9.95129870793167,9.17791468387827
9.72602807028496,8.73564551009196
10.1350367822422,11.5830888071289
10.890336719664,7.60528244599447
11.813200776492,11.3723032596654
10.6548211329211,8.07374706624172
11.9851232535042,10.5657062967745
12.1308011480542,12.7490672824766
4.13903588923884,11.9053988207537
9.2744525140245,8.62221989223338
11.1398650761851,12.8096958313351
7.76072905538993,12.7094395466723
8.07869928279182,9.07099706178772
10.5474729438244,9.22827791644966
9.11715342271968,11.8190346499175
6.53702436464298,12.0197666937524
11.8117096879527,8.67282003605183
8.31832071698645,13.1173156811291
10.7726957098519,11.739728688238
10.824860228914,10.7573032644962
13.0425372860847,11.4271654425319
10.3931284709216,6.78755609622316
11.3312207056736,11.6906574791403
12.2811821844962,12.9060459553547
9.18723774390482,8.22593790272116
6.68887729262142,8.08548600217312
10.2858600729822,11.4933525977801
12.6518286166177,11.7650331134851
7.18744467872089,12.707615699032
12.0242632299903,7.91871186190873
9.87973831408435,8.23931078993774
10.1989628485605,11.6530317643783
9.30155640498826,8.42474287750234
12.0737065591807,8.53230172707897
12.8483129582833,11.7036511540105
13.1416975827724,7.47459555244919
8.06519853386543,8.05965918955619
11.5185716886856,8.53529742072629
9.24762069108371,11.0722258804458
8.03318117216961,7.81603593693687
10.7797902022064,8.07615723527215
9.96409857250351,7.78694902924539
11.5834492101801,8.24451591152022
13.584795751274,11.1529132207802
12.0734337698726,9.06843592458124
8.60862876887922,12.8222751779931
10.2792453299386,11.0493899794013
12.8264909877851,7.00950293399797
12.3488751925913,8.22167941237483
6.83043683467142,9.04535646279524
11.8928598412676,12.0846483034082
9.31897182976265,11.532913605427
8.74927461859259,8.72844268831962
7.79759554203458,12.8617804205403
9.37640907985296,9.28176187451151
11.3773130107673,10.9859845964799
12.8705437557347,12.2394339329189
10.2778141964004,10.9028983751619
9.85389522715652,11.7195653168794
9.5953281237764,11.9483052377511
11.9075986714843,13.2461910649764
7.83761310511593,11.2365584038399
10.5000374091026,10.9830818802344
12.0432439611436,12.1045883009
12.1237030222673,8.82689224647993
10.8341404201455,8.39817027533928
7.67526769726005,8.23229981413289
8.35783054037068,8.95183706316182
8.5590234845692,12.429373679173
7.11345606260605,7.91710734245815
10.0800406688868,9.40461904757729
12.4458933679336,7.43630598855458
5.10661216674057,12.0411343230831
11.516775783963,7.41452712449824
9.59467669175298,13.1213034177591
8.46173230560998,11.3577354475848
11.5400176228212,7.86537123341289
11.2967703176791,11.353841862481
10.1924347572377,11.2793744277646
8.16071329366126,11.5667725692347
8.59027644552417,12.206326986885
6.76553187544483,12.7965153760485
13.761787816734,8.01540645399758
9.68881127830477,11.644934189492
8.49097250243751,7.36189057279141
5.67809511166085,8.42451207538734
9.14107663939919,7.74927687873624
8.90174419072081,12.0538141039287
7.19536823423134,12.3968642025949
14.7679436462494,7.6958262988677
11.745888701957,12.6678164316058
6.92866822565151,7.3298463695279
12.2679505027694,8.21118377160004
12.0896803212366,12.7045736983193
11.1796613774912,7.17908737725027
10.7982074697897,9.10406822773511
10.2898983693103,12.1211436472474
11.2383224352155,11.2115123916912
7.93476178780377,11.6237530604228
8.70128772344863,8.35694999881573
7.99598548361522,8.52934910796669
9.66823808002299,6.9460184731989
10.2933125902328,7.44971694258901
11.2041130482855,12.3736379371528
11.0581110509856,7.55118710969466
12.8913916815227,11.4261301727866
11.1946185748578,11.5754136552433
12.5126338425791,11.2969022935952
12.1948840856104,12.0693491088751
8.82307917380204,11.7205590575942
11.5026025630136,7.10664418441574
10.9070286820352,12.9319255977428
10.2383564683378,6.22069160444695
8.19322458338956,12.5710712216933
11.1759649133886,8.62487575744375
10.1274574964625,7.91934557512038
9.29032829012644,10.1901632200074
11.8449914888376,7.25115295781999
11.9846507371911,11.8445387066504
11.747127803587,9.08242780871095
4.77791307778537,12.3969863881866
8.20536633457991,9.07541494403978
11.8744706372092,12.3467532425958
8.50932733039803,8.32542517579645
10.8170792594851,8.42822804734612
10.3658253452855,8.08795853241585
12.2148045823657,11.1881935271627
8.57925665924072,12.7498084858932
9.88439526127855,11.4781472180707
10.6898468334253,8.19647052187398
12.545308894938,11.591996981567
9.64523832951591,8.48713945258002
10.5808119939566,7.20405683041084
7.31430358799216,12.0717995752448
11.2661000598763,11.4713692338116
10.4136394121662,8.6605946646149
11.2786146850211,8.17902226709667
9.17865887006417,11.6441941075479
13.3707132425317,8.59492784122297
9.72034779151538,12.0646473034325
10.2422774977001,7.09492429425124
9.78864164740111,7.65931868600219
11.6926097825779,13.2946397863528
8.46310195215385,8.49011046824963
10.4029248105378,8.1785877530202
11.149139196936,8.54371605016664
7.50952022403401,9.04194371933285
10.4554376162867,8.20493341419233
8.81239587546267,7.34362094605327
12.8576215715244,8.18195252745453
11.4097961379883,8.70241051227787
6.54973218119978,13.4037567621345
11.838569563866,11.5170779157969
10.4354818535564,7.93110124367035
8.8773504762016,12.3757118174158
9.28882874437036,11.3891003022275
7.45571566677669,8.79071512490364
10.7723937033078,7.68986860681139
6.72295372397148,11.2816204656674
9.7194744454577,7.5903211113841
10.9103512156739,12.0630684847666
10.1667667239901,12.7184317302763
11.7183466446209,11.7181604622612
10.1010962091114,7.67464724254638
14.6178882084541,8.92470393880309
8.28107365052734,8.60321797661759
13.0782323373322,9.10590744926441
6.7710676453021,12.0715354444492
7.84536708338131,11.433321483036
8.1972789059024,12.3775959097701
6.95777527767429,13.1709139725296
12.9693876901355,12.7510331138104
12.0674066402599,12.1053852778269
12.7425329968472,12.7057956418041
8.78215711708455,11.6206846202377
10.1711941866181,11.7368079902519
12.2370149821675,11.5958613616746
12.1210595763076,11.4006033819546
11.1202735471445,8.59809917849273
10.3162950818013,8.44251108453355
7.67165355536672,12.1882419057928
10.6193723923805,11.8913079254502
9.64301237025259,10.8352404585573
8.6909508559571,8.37446834196748
13.1523145280008,6.48899211219608
8.59719252523741,8.14014888127546
10.4857527787456,11.0446205336837
11.0320715129221,12.9844453732838
12.1023095240891,8.7708858722818
10.7346087924322,8.13639237747643
13.946430629947,12.663633482627
10.8902734957891,8.40631053434675
9.02303966301893,8.19070197287351
10.2050230716713,11.6387418325959
11.3382584912185,12.5875307070911
5.61898238365876,11.5469132187872
9.80887189730595,7.90403042578096
10.083051417032,12.4265162850357
9.52279825220399,11.3040830217785
10.1027370729735,7.3147618743511
6.01638727958587,12.0275353315228
10.6924725694889,8.19148767519208
10.0060586856023,7.82828451388642
9.01514299846727,10.8339420362339
4.27116255481898,7.76518033125584
9.17757452620431,7.86306753195996
10.2364170761045,10.1957047289059
9.85767846446399,8.26901955886058
8.78260514209039,7.4138172361319
10.6432905760838,13.0868707850091
8.17902093591459,10.1021993728609
11.3985620946389,9.48334853310295
11.6514647503863,8.21717594284161
11.9150868238297,7.242638944393
11.5976925407306,12.4090797882136
9.29574557989994,11.5387839578728
9.95010634352845,6.89486113643151
12.4901467433897,12.1397894360628
11.2218839170993,7.70364423450826
10.6937660653212,12.5642230622791
12.5583594219093,11.9576523695917
8.74630831626072,11.9810434599367
10.0505265432029,12.016960928012
12.6030180052745,12.2905437850476
9.50042061086459,7.66759247760497
10.2699966895908,7.9729806528095
9.70665353877822,9.03725156248591
12.467861188279,11.808226281029
10.2708519647352,8.4406852275593
10.1344805848294,11.092036211001
8.63755578297734,12.5521574399515
9.1630741194922,7.97980494895969
6.86157158183603,12.2738236058698
10.8191730815495,12.0618210031441
11.6956063858691,9.24391566917949
7.32523138089507,10.9018028066313
10.8027094572756,8.2787243818608
10.6578717949981,8.22247175820996
10.3906420000804,7.838156674793
10.1429252202243,7.80496211323346
13.2698665217994,12.9138958808833
10.6660141551586,8.40061298091585
12.8036252457603,8.07858415944856
10.9020340417203,7.39714158447175
10.9746471914799,12.5795354018834
8.92052508977693,12.2360298059188
15.3818148315086,7.3718232161406
9.88036784862137,12.3277047439109
9.00504826427914,7.7666066555577
10.7648342998393,11.6159778380716
10.8183603568758,7.62238168841762
11.4474918455779,12.9136680427841
8.17015085125506,11.4490309040242
9.72562981696088,12.31325454682
13.1485865557467,8.29847540789822
9.03416459391448,8.28982233674019
9.28761897377887,11.3049612496236
11.2204445484452,7.57121552287802
8.78792970526593,12.8895763689897
12.2690240067945,11.1579491694446
10.8449365778546,12.016990299605
10.1790994228143,11.7387430501147
6.81657201207275,6.79707508774814
9.30566597151394,8.43229161879399
14.0685919688507,11.2789880799722
9.4281896888155,7.82637269984334
11.3087575659644,7.1755806070637
8.15050476606105,12.4374882663227
6.81859392149191,12.5540211905479
11.4187969392988,12.4566505394869
12.8986535925942,13.2216740824066
6.91123938123191,12.9825380174238
11.6921384964428,8.52640505149857
10.6618649413567,7.37293823850108
9.26762537828171,8.24015575172265
13.4985699668323,11.761338725033
7.98971007708801,11.5671177614082
9.76512140231632,8.44396445996991
11.3370110930762,7.53570306263207
7.83505195713434,11.8046796285071
12.2119356115724,11.9994593755722
9.77169323613103,8.43420730114882
12.4582966088582,11.9550888706081
9.95340636781666,11.9430567022269
8.52978906675966,10.79969803477
7.31897033373296,8.06751135698574
7.25386821525632,11.3899185169045
9.70188581205213,8.36474446172863
5.98744808160568,11.1864453103617
6.88086292516381,7.9622073330407
13.9254031383022,12.3184167591543
9.64336355278873,11.1205866199354
12.7152413463229,11.1703392609071
13.2979840942763,7.16535332117889
10.2389691411873,9.64324843555416
10.0072412326752,12.5699703442536
10.3928868918493,11.2665551310435
11.3594790134614,8.47376430962064
11.6022496899288,7.37596020856018
5.96959884044781,7.72077452708253
10.0947919761734,7.73992622483088
11.2261932137197,12.6051351661339
9.6599630378932,8.4648747822968
10.4515190488636,11.7397808404668
11.7848082822501,8.48715970503621
9.70477380248708,12.6035272988799
13.0743646207409,11.4925462568658
10.9052387097415,12.4735059029664
6.80861149485893,11.8801520915586
9.62566941593254,7.82395031499382
11.1352689362579,11.5051376051795
10.3253582335272,10.744886717734
7.25603397414836,8.17071858424075
6.23209497661733,11.8192946300198
9.86390598367054,11.6210832690136
11.3746138677058,12.2334313672879
8.58399854245569,11.9001485778038
10.7553545376323,8.99473940522344
11.161515478549,7.14121995879334
11.9492521847867,11.464205478161
11.1749050186621,11.7034633492189
10.4905575576469,12.0672128500519
6.86799259165661,7.81253818901133
8.98374370381229,8.1752074105423
11.7165577078488,11.6157357859821
10.9037334384296,8.8204350299754
8.20419152629373,8.732257394338
10.6380222897697,11.0242747247362
9.81207097884045,12.0562429098959
12.5286166498442,7.95265562505535
9.93198126944272,7.32420657409336
9.22366193974413,7.90195351697438
9.47909033618132,9.0902140460434
8.24513097182577,8.90466645976178
12.5855028610133,6.76026900677654
10.3303757072151,8.39534787181923
8.79358584857701,7.99433119355103
10.797207801603,8.09339304832559
11.7179042509173,9.14816672989755
9.15617506286123,11.6742175706175
9.38902222114061,9.07536397912584
9.88162397098304,8.05720822823771
5.99625562409522,9.15636231191113
10.3108728427149,7.8800438148814
10.0851244550314,10.9717788032548
9.47592160241168,12.9193525590071
7.95761348335539,8.56157324599108
12.1307142068698,12.4034110040808
9.08481832424895,8.30583273702835
10.2706078257586,10.8844086888432
14.2255751914025,7.59432366210748
8.81633260922719,8.02486164333279
8.66252421190844,11.0363009117243
10.3077574818629,12.6019773366656
9.42921677680149,7.71911660720528
9.01460712159805,8.9539616630629
10.8195430787762,10.7722947718367
10.4587129015737,11.1655903424644
7.85074873336535,11.6555122862233
7.23849829112306,8.34254503249399
11.1964664828914,12.0002403699172
8.3210627157045,11.9769159451171
8.0891498799053,10.8582312651875
12.4724361413451,9.12732098942055
10.1519683043392,8.08684137648859
8.92085418473044,12.7742532977644
11.547076238855,9.2961982358796
12.608601047659,8.39764868491787
11.9702199482185,11.8657329214639
7.97655697862765,10.7413341912233
8.78794194856322,11.4941760485311
10.6334521110137,11.4433519641363
7.27061778270942,8.07786307877484
9.23606744094467,12.6906960370328
9.9714145176965,8.00413536991047
9.86916373600207,7.24518609750608
10.4468648377234,7.85694913678501
10.3663643333578,12.4525062995122
11.7813224844583,7.76169250808228
9.89385631035982,12.414748878749
8.34028376896983,11.6526533233367
9.75794180434978,7.24759484945336
9.58068391313032,8.23531530809975
10.0791791234255,8.22211054900628
12.9619803949524,12.7560091743496
11.1333201167841,11.1251326793864
13.5791607172628,8.38566476473344
12.2280957023095,7.20246475605914
13.5881490572958,11.3214519331671
7.27090220020709,8.24882222942556
8.58512003000056,12.1242651100944
8.88743130822502,11.2130607754964
9.37983781249457,11.5779107634775
9.24764132854333,12.3381090686415
10.9170520168537,10.8527408735091
7.47770170113774,8.03802339773083
8.94506967358771,8.82969216076393
8.88637155640292,9.07785647550694
9.25112254756795,11.0574583382581
8.79120003803788,12.5618341747944
12.4062541410653,11.8929409630535
11.537746466811,7.68324720666089
10.4767020464827,11.9141187842461
7.16994371722263,8.35550371010329
15.867548773212,12.23830906795
11.8700515147166,12.0539453308138
12.4677690434517,11.5424594565197
6.2172305564039,8.83222688397285
9.55469741376413,8.77521661289352
11.5362550567218,10.8737460692539
10.7759073165257,8.46425113972188
11.2182660631167,7.81066882936292
11.1810372165526,12.0523780557033
9.12971849342909,11.4447076620437
9.49846020300198,12.3985443717669
8.14746123255338,12.1658486020856
12.1748716065069,9.04564669366312
6.11208156819158,11.3459306660973
9.4387591233273,9.96345076929635
11.6241551133427,11.219558017464
9.58459262598393,12.2832475102346
12.9015146399337,7.5448724522478
11.6829863563107,12.4287364614619
8.26852435574125,11.6287719484382
9.88024438659809,10.8881830391318
10.0230623064995,8.40764432457702
10.5382229027836,9.18003004938534
8.94367898815318,12.0452182445822
8.76585231726657,8.98268168232899
9.47525496995663,7.53932763628035
11.8246943420109,11.3058536818142
12.2472211737713,11.5382019229863
8.79296057263494,7.55799322273612
10.1106467872767,11.5023911051069
7.99868313423038,12.2430412909137
8.48364234172155,8.30654743884089
8.77712837098948,11.50175115197
7.36655547358413,11.6582963960329
5.98516996556566,11.3717783995698
11.5360042550583,12.7253731583487
10.8115226270085,8.63578451124758
8.33656824216792,11.3134008503971
11.9161515462246,8.07613511006684
13.6214385028768,11.6419038667709
4.89997103034441,12.7372884307092
12.3005101614348,11.5441959649802
12.4557873088415,8.52281681979178
10.3042063253676,7.69407069503014
8.95383238162525,11.6871115793459
7.79681327130832,11.4471445155283
8.24053943717405,11.0921861923516
8.72659948449182,12.4266740990597
5.7881371383142,7.24941792846137
8.70748327975514,7.35292984540153
11.9735868526389,8.79124902494544
8.49019970813482,12.9147818622849
13.1304097257963,7.23613918353432
9.89990147801695,11.29620605912
10.2220574122934,11.7540694354272
10.9509420919948,7.33391027487763
8.12199219058572,11.8678826485429
8.45190876071404,7.67027141812661
9.15288306553471,8.43391480621363
13.5457589888211,9.09034136681833
10.8531013166606,7.26735651900353
9.81105965382257,12.5804625554464
7.76680913236867,7.63118857860159
9.82512970694092,11.4765009656043
10.7850521803465,7.79682395209677
9.27875566149255,11.1530324112103
8.22403127676504,11.6321590275703
8.10716689240829,8.73081150092447
9.56017688785088,7.52298405161131
10.6844402338404,8.47696105626345
11.9398482588311,12.0463093585465
7.32909371960576,7.03414257182492
8.39824104918771,11.4604812385954
5.90640731163186,11.4540511320234
10.2201124363873,12.4834602053491
11.4322007474706,11.6244478920223
10.5082412047512,8.74114946755005
12.45752437603,12.0357265213966
11.1668080119122,12.9704467606689
8.82575045254207,12.693945064867
12.8933307158324,8.01158227539582
10.8867880708561,11.3815881439527
11.1558937714309,8.29681528137361
8.15633007224544,12.9765141206824
9.50134658966969,12.1488490612749
7.55620270724867,12.0698091322848
9.85492070790898,7.43785164014048
12.7298024900735,8.79429113233424
9.08493796031153,7.8132530181321
10.1304004387202,11.6032905768384
11.5679606718474,9.21536571353144
6.8245838536704,11.4081683942993
7.26127137352366,7.00088383704113
8.14496039475528,7.32697104209159
10.6016831196604,7.80875579019629
10.1609378922079,7.94561474707822
12.4934936610344,8.06655396600065
7.53110179958995,9.30741144332919
9.12186141135471,12.1550103728901
5.7968120938888,11.8340481227875
13.2375123427465,6.86687694256093
12.1686569814883,12.8725919967376
8.71839818617398,11.3473912738945
9.49436034748587,8.45898516004466
9.73034145355506,8.57147040877066
13.5907119834276,11.0706884570398
10.076793434738,11.3212195735761
10.8259965777801,7.94892008641594
11.399144245934,8.63458527145369
11.3795818891523,7.45226910848297
6.65788106941624,7.23253994792195
11.4800966150453,12.5284186012382
8.15175020177247,11.6272834148825
9.93662285337806,7.84705903589869
6.14441403695954,11.7545660781714
10.4286060593567,8.69911031402223
7.98992226898608,7.69142400184451
5.64209301542041,12.5962657441703
6.65490173889018,8.79305846593583
7.15855572889797,12.1040304012715
11.1010632775567,12.894718451972
10.6208663538336,9.04765675636619
11.3701478259239,9.57215670435769
8.93617901836634,8.37132219339072
10.3635709197266,9.15538657741299
10.8231923555927,12.4850848534649
9.82988190208336,7.50167279417667
7.78658759292782,11.4170083847927
12.25826719148,12.3039823977001
13.3360312487483,11.6801561849097
14.0382058518789,10.9211806384378
11.7850960711449,12.0131813678273
9.62559063358436,11.8722082292351
9.74460516877861,12.516455863709
9.38933972068387,8.10962196811365
9.47426632428737,12.0550340938115
9.89706271114733,7.1188328842546
6.05467328053191,12.0267539801216
10.0224565007703,7.67373045125972
10.4706897145877,11.9978237979259
8.09926029295778,7.46802246411755
6.48570404960934,11.9098385166157
9.28007869816965,11.3556307235535
3.75682088315095,9.05741354266278
13.3450942244862,7.69086601889625
11.3810996328979,11.609379359236
8.04665935985776,12.1226443289929
10.0302683512098,11.0195039540852
9.66909164949915,11.4149676873785
6.67957326294627,11.1566385945995
8.24313123946899,11.41031849905
11.9316316772048,11.7753950805766
7.688357386532,8.36308073738021
8.4972085767688,7.93509874421968
8.50983128829052,8.00684257126819
12.4541049709481,11.4858516468247
9.61828401235717,8.13098704391573
11.1086214919494,8.32311570724981
11.5428662542074,11.5251725003566
9.23986640041848,11.4362107877442
7.74289722328805,9.00039171975761
10.34020355408,11.5501775562215
9.28291533589787,12.0667273049497
12.8858769813732,8.02292006790018
8.96010627351346,6.93207551132739
9.37871581120137,7.56508927718403
11.3654749292031,7.69738841216663
8.67284315926913,10.2425450511508
9.96409890272617,11.0426011587806
10.9931820330632,12.4360656734864
9.19145059898861,11.1655179868649
7.57670237957178,12.6980760588455
10.6254874334723,8.13972797651427
9.44027627162066,8.89601245836851
5.96028973091057,11.5731089244971
10.5391577263556,8.72198252924814
10.2635985017384,8.21193133091657
6.64245745923693,6.92049984678594
8.94824099339189,7.90309026640142
9.64975075310975,12.0131780238681
8.88673847321678,8.78074008930654
11.103696818217,12.0166352669262
6.84789697343948,8.81706562723981
8.09141445521773,9.25439070552299
9.10027315080294,7.21425472916217
12.8878127903031,12.4115694839655
9.68949182237236,12.7647896371623
7.9565621840202,11.4823727383012
13.0769394943662,8.67454924796188
9.53764805174708,8.68006640646479
11.1038477243034,6.6999452584813
12.24358807374,8.49243580221699
10.819090784705,10.7855636357884
12.6005230520818,9.15167918279221
8.41815745692957,12.5743318297053
13.1972389074971,11.3555634210389
6.35419945299112,8.14317803173474
8.0492737720463,12.1764923953692
8.82707868229645,7.6487993399242
10.4662191036048,7.61674714572826
9.05310275034932,7.63341745549698
11.1662219613771,8.31040810878563
10.8400588945838,9.15788050513056
11.3577218171411,11.3786975835514
12.9649220503389,12.1698316388873
7.14943192447629,7.94998919968543
11.9399499613002,8.46056698273008
9.46906846427625,11.9455309318676
8.39378889862966,11.1434408276658
6.44593179616807,12.0131814296491
8.30192621674866,11.9228310546699
9.40104356170796,8.24021873585009
6.1195110416203,12.4954703969257
9.27993442473231,11.9730397457797
11.0202123743396,12.1543353409951
7.40405916294071,11.8026521494842
9.99030519530412,8.99203485467313
7.31029553022207,11.5429535721755
9.89663162953769,11.3246554745541
11.7896995867182,12.9821293883465
5.64023545441163,8.02632724034278
14.6128328645344,8.90613261773597
7.66449928889813,11.8648443227196
11.8808594373463,7.80039278927128
14.1582031921238,9.70931069348776
8.11235195345331,12.333235358272
8.64909170974727,11.7207060557292
12.0433006559948,7.73409220751127
8.36499313866605,7.57457405276009
8.08575853197803,10.6106833656541
13.1622385596534,10.7656147204187
13.5328856029747,8.47657921281681
9.54592968222891,12.3212887711854
14.5622203899505,7.75734759541911
13.8074944331876,11.5971821638343
9.86275692699839,8.61382858346263
8.37228172146666,7.99267968039652
8.65348937120535,12.6442316858623
12.804060926756,11.5606075611549
11.0800332165932,7.92293996284764
11.284548337597,11.3225755621995
9.97456047002608,12.0482064118116
10.3657591064593,12.0686183060225
9.02297083953855,11.3381378675322
12.2704734721529,8.57071899322814
9.34789795550156,12.3324964864042
13.9837250676556,11.8219812554513
11.1735457887042,9.22150370343719
11.9766664474342,12.6802537794779
12.9512478705674,7.86993448326367
9.90609324028778,8.83401437847555
6.46493780159954,11.5001773099863
8.7807320564602,11.1584102820499
11.1865138245011,8.46722147514306
12.4067744399863,8.00994204827778
10.4165136538781,12.049882593295
11.6782787170636,11.3627013225105
11.8860828679846,11.369630746846
12.0561862381856,11.496699424054
11.4951276884305,11.1174882653617
9.61714586942754,8.03430346739533
12.0493803293231,13.1610970415656
8.9915560504791,10.860356584804
10.6970977189075,12.7544828047459
8.98125224962013,8.30174125528035
10.9556489146179,12.5013225032804
11.001970791204,7.80011136769137
9.7888389654452,8.03253386072161
10.0546174778021,11.8759640730939
10.8674316091423,7.84674854630886
7.73787103111336,11.390438669619
12.041373801049,7.22295725296385
10.5385485799935,12.6927452540065
11.0970972827824,12.4497351506472
9.66115767528265,12.068066748853
6.24311950009902,11.3616095185467
11.4966143902549,12.2379783408394
9.47979971998438,8.86500442897198
11.2365213181274,12.6319623623684
14.0958739232732,7.90347847310224
7.68875032404428,12.5665481789039
12.7058828134885,8.60334720043664
9.26495603678016,7.62096486536964
9.88337907343865,8.07657115553708
8.93556381512441,6.74217681917902
9.00299904528478,7.62687636326823
7.69972084484829,7.73572848945198
10.2524818454562,11.6484774033489
10.9457277983423,12.2142437692767
9.62694956958713,11.3032049916627
6.76142710008344,12.5022336294417
9.19448190756118,10.7337281752254
10.8256244836103,11.8174577686904
8.55856119187895,12.0627019485085
8.81986953916178,8.35304167592366
7.66074676427667,11.4196670261049
11.1829132921437,11.3231880796164
8.66272210199652,12.3516624639341
16.3358752944329,8.75765406796592
12.0260788347163,11.9664551761344
9.66802536069724,8.08875189966747
10.0048329445352,7.59566518178697
8.56539603365118,12.2514008197076
10.562676056616,12.1375455300314
10.0145637942272,7.94732700697492
6.54059954718333,6.4825319208381
6.3130527671816,11.0954762674625
11.2024060628205,8.53428177500695
5.36412485836676,12.0264016878595
9.23937585256085,10.2807283151525
13.3103298003831,7.93378786629713
6.67428990196893,6.60427222163992
10.5894593315632,12.1736536614576
13.1398028783868,11.4549734577315
11.0238937935241,8.11619656893118
12.5718048021279,8.50100836672006
8.06497049288057,12.0988529531637
11.2647787090135,9.53237880285556
10.3661573352926,8.65396115067546
12.7002322338475,10.8226251353658
14.9746553428885,8.23748180387168
10.2293233941629,8.59653308927309
12.191480728008,11.3085335980072
9.19458025761407,11.722180550854
9.28186057129105,7.52666866396356
8.89442354016709,8.03699116516521
7.29065003944867,11.7976368424358
10.1466777241245,8.353240318777
9.92202294001574,8.74596395463353
11.4437397679627,8.1414153969282
9.57016208438764,11.5912965466988
8.16883013245303,8.15675995898615
9.74312291839566,7.92170264848856
13.6804209756428,12.8196688449843
10.9010625119813,7.35808891989525
10.5495873553214,8.83543591566679
12.1127528359941,11.3058897082314
13.5841085581085,7.84803862371846
13.4216384321973,7.79028941803017
9.13714213212509,12.2786231387562
9.84144627122977,12.680747645591
9.27354991099882,6.99877630147909
9.5980190539262,11.3778176480028
10.9025638596727,11.439342758518
9.04011603039558,8.55721593833537
7.6689496397466,8.14235731768659
9.52211205741884,9.24791840525208
12.8996693038181,8.09864253174912
13.7057477445063,11.6925294254556
9.19353699107443,11.9718906030178
11.6539366319123,7.09942014943918
9.74173019517472,12.3667214934427
9.75694622640325,12.364053959953
8.65145343039907,12.8127763415034
6.84313240241118,13.1306325577052
13.6041527928942,8.09161536395344
11.602233627729,12.4310460967279
6.41547054498366,11.844055840509
9.30516254744911,12.3838706311144
13.1086318586593,7.68503386249667
10.2129855863718,8.37026971603857
10.385017841341,11.3641151834284
11.6984559342819,8.93892002439103
11.9810292235065,11.4863264712086
11.2551644232896,8.44541547353728
10.8304309711121,12.7985707342906
12.9498781296694,13.6138180001068
13.418944147823,12.1994180311536
10.4567192038986,9.13304703054121
9.58376623587873,11.949669653061
10.0242915105447,10.9188561302723
10.6994453265099,11.4875202719119
8.64471071518027,10.6193161900376
11.2843653583948,7.56290030308904
7.42112392946127,6.75640854204591
14.452134509949,12.83394585282
5.03316128204824,9.15800797427928
10.3456685574115,6.76050184597962
9.88219170469105,10.8408800362778
11.09490459461,7.83582493246375
9.17905279579139,8.04260165871912
14.8048103206272,13.6803998612398
9.71155812111529,13.4729445248141
10.0467928856693,12.2620165572022
12.2482438827205,12.7191914281383
11.3955489809455,7.7371955740259
10.3618149573887,8.28245573629292
9.66079433918842,10.6152812994807
9.53094390529463,8.30905586007181
7.2901386143259,7.59085523284237
11.259912157041,7.49009408407108
10.8945403050331,6.85365164184233
7.9119162830865,8.76192938616854
9.62542885075245,7.2268240957462
12.5745817405842,8.60811300948248
12.5481856265238,11.9173199567912
7.55767728361529,8.41122589001574
11.6040438130992,11.5187522830428
10.2536614014052,11.9146501605741
10.7770297143671,8.05009390846092
8.25560765357722,7.36559388912162
9.58582601998205,12.2392403845733
5.88317462205589,8.4303525410324
8.52175336577101,11.5658199404279
9.38675575124917,11.7218156162286
12.6068352670664,7.15219682554813
7.88268028988978,11.2347377606383
10.6034403716704,7.46600977184412
10.1799463736655,8.35372349765681
7.27321549885776,11.262532731933
10.5650477426072,10.8849034545192
13.1613989008677,7.76971408096527
11.8800804926437,7.79916750148811
12.2628604640216,8.06885204892654
9.57260819861231,11.6613599493007
11.9156778095,11.1313810500655
5.25838074092866,10.8205794010179
7.49348278129031,11.1571950029451
9.65030409673407,8.44290002292546
10.2170231858022,10.2328973876575
11.0338409086253,11.8455703094514
11.4432687718896,12.8448215844644
9.0801123344474,12.2169605096471
9.03677690697765,11.9033533774439
9.30144935549304,11.2038214866434
8.87646805631258,11.2151275679582
9.75059460320387,10.7954120086714
11.7551046557213,12.1183984379182
10.926693827212,11.8004467335718
9.12126932734111,8.25149921583393
8.61516541500639,11.8797908644314
9.79109441281888,11.5782224298249
9.58400017486574,7.5589209837768
12.4386168244564,7.71027239341031
5.45912860196112,8.69736008264329
8.0530946619033,12.1808965007447
11.2423805180912,7.97720843916593
11.3251233445958,12.9046040969263
8.69801950255951,7.17571052057456
9.58252586289143,13.022301409551
13.5938232942835,7.92400348775667
7.80244317021118,8.57430706039388
13.5554841835065,11.4497352350288
10.6338888162892,11.8415432158655
12.0991528432631,10.6873152409945
8.94743842998652,12.3623115310428
7.7595749273952,11.3910540090669
10.7965189881335,7.9720202252411
10.8426136060074,7.83659062038206
9.14969270189884,8.15709372295987
8.24601798803779,8.81382354489504
12.5999932086191,12.1847516222626
7.32642648701001,9.6440465538347
12.8584848594653,11.1757057846303
8.8106137598271,6.69078802129799
6.23462708435959,12.1144294373253
14.360622463448,8.49989969298007
10.7575545572873,7.47240319038295
7.86137434259003,12.132251744076
9.24971003675611,8.75039872536081
8.41040456307524,12.1824123615794
10.6302457374225,8.83730482708558
10.2678787713673,12.9761761526207
7.51889684884231,11.1720077478027
10.512961073842,11.9396784144321
8.65185958650851,11.9665244356011
11.2664547075702,10.9555107852526
11.2047297464879,12.4315347139468
9.93193262694746,12.1148727309303
8.42058727890196,7.19695987325483
9.05912889157158,12.3270027186288
7.9743637247446,10.8879861869627
11.6671065401468,9.16028502258991
12.7080471244635,8.15057689643318
10.1001454239729,12.4079242713974
10.6737615112889,7.37975137327913
9.58200225336121,12.3401962088648
10.4369199757937,11.9598816933035
13.7469504158474,6.48230411421012
10.5234436099434,12.5235297810138
12.6693890387128,11.8814347464911
10.4954932922902,8.83168771250656
7.24843027763278,7.90384319881909
7.61892043648538,11.2106363592625
8.05236276128944,7.3991366273553
9.8007376058257,12.1043806660525
9.77852999977523,11.7879146448898
12.3843891920136,8.03810959869026
6.68822813961664,12.0200172976876
7.90871341864287,11.2108072461499
6.51952173237632,8.12956772011006
11.0262415430616,8.05533739952223
9.10808630803215,11.5126964577994
6.32161244835478,12.2267341070115
8.36030472180796,7.77520566871449
8.00958090257165,12.1676105096998
10.5946202550723,12.3039805402089
11.1148329902606,12.1282600813996
7.45332598504271,11.6166681598281
12.0501452196922,7.79390172276247
10.933224342533,11.8788460087802
10.4678366356297,11.8992968543831
10.5288837973577,8.13057069924501
10.8648398427885,8.08876133304592
11.9464443079008,11.6341771430923
8.94161188277744,8.46253163757881
10.0915369692047,6.46098766169292
15.5893828278773,11.56049822076
7.82399959503455,12.1905879402183
10.5908591418653,7.89662045314342
7.12407086956869,8.36123762906234
10.4261629617156,7.9849503529328
11.9499212684741,11.9698185316186
5.29307568932017,7.49351863863771
8.83096437577365,11.5270962034591
14.5077482991635,12.964822888575
8.45195788893571,8.08746532666321
7.15266404024223,7.90348761612979
10.9153387633071,11.1279385272564
8.55399821841832,11.4719305853898
12.9674892567704,11.0726123312213
12.1640977249486,11.8379945287355
11.5995168882194,10.6613021701413
7.14956839716652,13.2255825277936
10.7184076653669,7.75180052853925
10.7624451013715,12.1533841518599
5.83308293633343,7.07984253499231
11.2556678058722,7.94769109502826
10.6012264917693,12.4185697640218
7.88320552277461,11.9846908729344
9.58270108072546,11.7370749968439
14.0959464596617,11.0267484799388
11.5681945553893,10.9849682453933
7.44554137080685,12.2112540704797
10.1822480130015,11.9974150184988
13.4936906126806,8.05325362181873
10.0649043669481,8.61362362387177
8.97713456919064,12.1433377535307
12.3296104771965,8.25287708924909
9.06944531664772,8.02798225504298
9.53873990251323,7.21747683743791
11.711618305062,12.9448598622335
13.5582886639413,8.02423992464448
8.34931456861825,7.90633701791763
9.54224009473071,8.2807598293045
9.86192536502495,11.3723767865861
11.7882621148308,7.69625345538106
13.0808123404937,11.8445127895368
13.3822130004514,12.8270653834966
9.54556616827383,8.51492004045723
11.8624219259404,11.1199953295461
8.25279474156627,11.9257054460324
8.9243572532937,11.5154351649278
7.60611161748337,11.8052742092042
7.79916836390427,12.5357713359659
11.1824398607118,12.2255624789884
11.4674251353849,12.20199686474
10.4345551244486,8.69738481419392
8.47557191321945,12.3903605390626
10.5938062623421,12.2224868190394
7.59001243242844,8.01495537704339
6.48847183192391,11.8379512809261
8.99451478878757,12.2898960557767
9.17574428074381,7.63095536471905
8.10050422896671,9.16542067407601
5.99171565988787,11.0364896847081
9.15066924235622,10.4691588456921
11.0654081198487,10.776974755072
11.5723506209228,8.6344730957828
13.1909082559201,11.2015690948301
10.0835463121547,8.30411027780819
14.5529501005138,7.89868812297773
10.9054004372671,8.33703234751009
9.68620278306893,12.0561426338024
6.13996359361436,8.66010260227355
14.8608108322345,11.6486490828771
12.8214014902007,7.64545123182054
11.2673859521694,8.65025629297004
12.2369099266283,12.4245718382477
12.0887452597294,8.00823063909852
11.7184158112472,7.47475338395656
11.8836705848185,8.69319101206048
12.1242631672945,12.225774257719
8.61979034016835,12.1654520688584
9.46292428948475,11.5867488440909
10.2350440032678,7.01132007445003
8.28878934737605,7.93781670341186
14.3504126785065,8.4822998611783
7.3511002208921,10.9413781745449
10.2843926092979,11.1010491271369
8.41071010523028,8.57435269807109
10.1784476153212,8.33178349422596
10.3380171361151,12.0707592193271
9.9032712160661,8.38527306559947
3.81068935404463,12.3113618694188
5.00749304422481,12.903268679468
11.4412405801609,7.74628749290143
8.21568429334745,7.44729767665928
10.1940400257028,8.08947820578166
11.6000597234298,7.15952392263949
9.66340635519465,8.12777556871975
8.57106288209046,8.2955824973699
9.54678868733093,13.0023396963339
13.2170818550239,8.22466030108673
13.1200750617213,9.31016179182394
13.8918095243028,8.18486592849569
13.0016800259103,11.8467862871255
6.81360576663888,11.5010021031347
6.28895622059897,7.67358552335513
10.1304161622943,11.9768087602295
9.644558225305,11.137929126833
7.04451182688375,11.5088890956711
6.01141513007917,11.4998197918712
12.4950403466577,11.2704644205142
13.3407515509965,8.36156509174606
10.5278463747189,11.8101138154213
10.3414939018597,12.0110617686137
9.75578922529139,7.7781894406376
9.01114518558315,12.2128671398236
7.21893007189751,11.7081701170486
9.5901994144994,13.0771959258866
7.90225291632874,8.80910603872259
10.3814929782893,11.7468093865305
11.4153161249777,11.957853364614
9.4182706372264,7.53173881610512
12.9679931733685,8.39630287144972
13.3504503098129,7.45418507892385
12.4748204753981,8.33023938142152
7.17600004738742,11.823897958069
6.91651074112007,6.89558443797647
10.1538888218884,8.17306341596519
10.3166453976985,8.3678118359522
11.3468888645604,7.79859247674524
7.06082491143983,11.8253820680953
9.44967797288737,11.5834238881779
10.7035451159509,9.26087432621364
6.67029377728867,11.8599798334423
10.3738643040715,7.86315223716411
13.8056549921208,7.99422576530172
6.96244855009126,7.84972660200447
12.6610532650397,12.3052175898049
12.1032009756029,7.08756891652106
12.1102433445673,11.9633355686208
12.8628139283912,12.8171461108071
10.0412940099045,10.8769730754387
10.4026697764703,8.34608639413845
8.02041449339362,10.9989838522201
11.0369592290581,7.9411051288168
12.5485117521712,7.41559009965528
10.3843586580043,12.0262296618822
12.3503391295342,11.4016544437972
12.4847858624091,7.70472873670912
7.41722011369118,13.1555400917913
10.6759421779865,11.4299072191803
9.04969464107195,8.24210752779737
9.66809120908117,7.68739364511706
9.66722274119447,10.8768148183788
7.75367892870176,12.9159713392669
11.8818934480275,11.7056805329349
8.17344661600353,11.5524568772301
10.9717442424263,7.10925218679606
6.4096060426125,11.5003819229818
9.2603970601063,11.0832220164426
9.58263885855069,8.68361409446478
8.67777647539747,8.23705108085187
9.64680743101706,9.10394377996137
12.0716231450736,12.6022405443603
11.1707054614026,10.9042324643569
8.4134983350556,7.90197947376069
9.57491902368294,8.06531621073694
9.80672257894849,9.15266711709024
9.2432991835034,12.0710064333644
9.7363920291393,12.0893914846618
9.41303084908883,7.49203544103337
14.2749621744792,8.08439206417535
10.5798959262965,8.26618901390611
11.0952280183723,12.5551084412428
8.84203142583309,7.10289408385435
10.4842907503899,11.2535573326743
10.5753183335987,8.35535165779475
10.7919659111115,8.0004268040309
10.3672411196785,12.7956161367384
13.9655692781466,11.2744784547277
6.06644618498678,8.3357130830998
11.0894564998479,12.5626229873622
11.0594164294527,12.3010141877523
8.57408939837808,10.7805232245234
10.118259456464,10.4800834434005
8.17812579498846,12.0318951548314
8.51145465011358,6.66813306774651
5.57671929427069,11.6210097851785
12.5401029015582,12.2125191719045
8.90563213563066,7.82013515961266
11.2100405479987,11.3533347253888
9.45065866576982,7.66996677417639
14.0476829487647,11.5641488857674
10.4841234223641,11.580447851506
14.437682877733,8.11794446366214
10.328454653934,13.0346553348105
12.901951877127,9.01027969938809
10.2468320279538,12.1911083570019
10.6976028896734,10.4143672624724
9.513996916482,8.14201267845233
10.2052314710953,11.770267904795
11.4324439042189,11.5399091679986
10.9797941829517,8.09170349473195
6.71468683319849,7.40059754834507
12.4325627943313,7.9675210297205
8.51269512140428,12.610439468
11.8861648298141,11.0752979495026
9.75299584773502,7.24834658575855
10.1411015371797,7.75882840985315
11.0409464207811,11.5634954899323
8.20032182050146,8.72663907543739
9.86470715661331,12.0800897850984
8.60595290407839,12.5001474583516
11.3624185826411,8.28528995938647
10.6684323715048,7.57139545230277
7.1545411259048,11.525253489404
9.37499560609955,11.6542727172395
8.80337117649051,7.2934018561721
8.67323848647652,12.5466152443352
10.0114165078683,8.90387991612867
6.36554185114918,7.31124594206591
13.8498371041602,12.7138088944558
10.9520443357897,11.7830594567793
6.13111358148917,8.06781383398097
8.17235997756088,8.21128742941745
10.7408402625697,12.8797700112934
5.41340709189136,7.86652411981734
9.03595302253513,12.3459852788408
9.96151019447621,7.84183030054805
12.5408505007418,10.2527463342647
13.3519291552437,8.59660409538328
12.6466196113845,7.71607518259454
12.9637470813732,7.84367150284917
9.00704232187504,12.2353167340904
12.2759076670323,8.61460765890456
10.0822137560251,7.99122730110936
13.6247699872888,11.672741253354
10.6695146854458,7.23157667725404
11.3717673609097,11.393460418533
10.7670789131991,7.49401448312785
11.6353711742306,12.5155574211127
10.7682820275799,11.4794174926049
9.10319128229798,12.7217716712284
10.2157933003983,8.2393220496309
15.8796423201446,12.9020248081556
7.84540409824579,7.20541630214696
11.0106160984482,8.0482697187355
10.8388060563567,7.02798162922879
12.0159457929513,12.699872109596
5.36086534702827,8.02331444953601
7.47705202233047,8.51865156808022
10.2564898893745,7.27151979292133
8.14474358615956,11.9753505616851
9.1402632182226,13.177236219431
11.3580532737101,11.7276614458039
9.93539478907987,7.157341087234
8.43719103948228,7.99161772407338
9.41825322819094,8.65119192398782
13.4634016042196,8.63435573458723
13.2026919631979,8.1759210243284
9.09931927512848,12.4079228281285
13.0925814664165,11.3710053308164
11.2213252844376,11.2123730106231
11.7859485828548,8.99964099244469
8.07152867471238,12.3708416773755
6.92493174864352,8.28933653318292
12.6580393676311,11.4036065899232
8.53328906075486,11.6782103045787
8.73819079502765,12.6542651584272
10.4397768484743,12.5859908626154
6.70312112781587,6.95482507994047
11.1846198282581,9.39646831960251
12.6517838482139,8.55729579204961
9.77088177008547,12.2756465010453
6.5437610576033,11.9076612554322
8.82223091280485,12.2702867545749
8.88574964419722,8.59736057071275
12.0954809444293,9.1592386604433
12.1120571801722,10.7474510932618
10.5992263669574,11.0749463865394
9.22970506044804,8.64122327229797
9.7063774862758,8.87157350207431
11.347807112436,8.84666774105085
11.6231778382708,8.65321496694093
13.5121665117064,8.36362305683532
7.56520007517771,10.8717369579432
10.7545457243534,10.9621677668763
10.5174152659448,7.62600066458879
6.55350132717383,8.37316146207039
9.57648473276808,8.22464469746477
8.89550706554392,7.89093894138548
7.66421866707541,7.48834747616497
10.499434833862,12.5443621436284
5.21512155027905,12.6592556109489
12.145082398024,11.059517586889
12.9893272986339,7.50287283909952
12.5027453637298,5.97983045688769
11.8268589966019,7.97690946205864
10.495398348213,7.88432323171627
10.3213375797287,8.36915864396493
9.77280631920243,12.3212021023161
8.47883657126615,12.0351492173899
10.4162943879168,7.46993487297982
11.5027008766487,11.5147768430966
7.38298591311462,8.83947767905019
9.49967759820695,8.57780718859215
9.32207648310059,12.7508562945125
10.606795003883,11.1020912858702
8.27507772398294,9.1131788688895
11.9202407636278,8.90339803417628
8.99667918041762,12.0437728897474
12.5402953951292,10.9333659028247
8.97693761280374,8.12153589416513
12.4182678522802,8.02789653106246
9.32749898786838,11.4080872520284
11.2942248462497,8.89272592492983
10.5546625747242,11.0772405479133
9.81749669127493,11.8320473797814
12.9896717560081,8.91718755372406
10.3682437472632,9.45903890798914
10.8511037136373,11.0126953706198
9.71556166932663,12.8590061939722
9.18775193033333,11.9952984475904
14.4168946402116,12.8161359635013
9.57736440308268,11.7433241240639
10.2876087645768,11.3940455947541
10.6626710012742,10.8578975679512
10.3475480547143,12.6937759671887
12.8578800509707,11.2320971713954
7.66200772442033,8.27691479897357
9.30480466684845,11.8928340581829
7.72549169797711,7.81960700892583
8.61521834979285,11.9252644822208
10.9869147802862,11.7608202955285
11.6900031286622,7.5796311383401
15.6956501069104,9.54830777045026
11.0047920814764,8.37788837336978
9.41078013011584,11.2082901303016
7.99068268121178,8.483321693348
10.8103158267205,7.9105171097278
11.8554313821782,7.97151749870709
9.14396493233878,11.1197763984389
10.5346285791421,7.50026580156679
10.4890469528641,7.70739347968291
9.19904170971338,8.11837119001632
11.5602138071886,8.80688563747507
7.14034129723326,13.389311588722
14.0476067950762,7.39565821760911
10.1081692398338,7.97710430179057
10.8532352783952,7.33569379658851
10.2149052768678,7.33423373686489
7.34886215692883,12.1791044788224
11.1811806415862,7.14377053348316
9.77054284555472,11.2207021015973
7.95573306006462,7.5872038041024
10.7658072450373,7.85525255066426
6.10132324072796,7.59387387999978
13.0714804581251,11.0091891245054
8.19895781732325,7.53434220946548
9.75310564874156,12.3388082043732
13.7043231186341,12.0126206197495
7.10358149156192,7.72669509108681
13.3558875491688,12.6587467933178
11.614252551709,12.4275266478681
11.4328334315553,8.18040447617709
5.62149344423927,8.3438831192504
9.51534347625502,12.8137796311275
7.21142403734105,10.9584450722495
8.58290816917777,8.33540242210746
10.8772274137559,11.5688441934084
8.23326216057317,12.6580146765156
12.1755382070982,7.72649159837248
10.09784959028,12.292944222538
6.82679185426399,11.7647169398216
11.7115250286878,7.9477566963315
8.79401265697963,12.6660058574554
7.9260883552548,7.57661140197009
12.3667295862177,12.5614495892014
10.6356441022623,7.35016653992966
10.9877749176781,8.44487825943723
10.6325643436838,12.0660265043664
8.60466473703165,8.96950927972343
10.0360318218311,11.6226385662112
9.64138845578921,8.34646305008137
8.69982462533114,7.8709870719303
6.61652785727329,11.82221892962
10.9568588369912,7.98919629279027
8.66572457907544,8.74219487702577
12.636162061186,12.0709942193966
11.968926660087,12.2371724051568
9.40292994611273,7.19522225489392
10.6498947112372,12.4109358293983
11.8580576077359,7.99976092497754
9.43091557208595,12.8962347619646
16.0449512146672,8.06748564521549
11.1293096866717,11.8512101715252
9.81326820905278,8.62126112078937
10.1103502271286,8.01448571400412
9.92269332922701,8.80453630995411
12.618019487101,7.94553131863865
12.486652838941,6.84545090384244
10.2714920453568,11.699403065685
9.68229251205262,8.5896459806873
11.1787594663475,8.56037484938906
8.80776514408048,10.9780472763407
10.1133013386634,8.20824111339598
9.62760615284945,9.06603033541438
7.16651134835323,12.0583716349278
8.87337730258898,8.05018454274849
7.78237862233834,11.7833952086418
11.8807348468101,12.6633268611158
7.65497585284378,8.55834818057416
9.75982349230141,7.90626794123318
8.05752599103585,11.7347671805546
10.1896019990451,12.1364549807706
9.05338443909272,13.5470321740167
14.7037828692929,7.98010022071963
9.33593713715077,11.3245106074871
11.5004026601496,9.2550062912528
10.7707364779441,11.5544422377962
11.3580404534168,11.6229278503337
12.0471283411229,11.2644683128181
9.02857703834003,8.35579831391192
7.73304224693747,7.82045975250373
11.3272388915541,7.62230341077638
8.14775527976876,12.7807254030027
12.7305327845005,7.07184714315398
7.81293630361273,12.4728129097185
4.8713621452651,7.71696829896304
7.88387283575975,11.3428777243346
8.96511881482924,11.9165862097658
13.7985050754756,8.40230915216333
11.64797182801,8.0672864103209
13.1462643730268,12.2383560834831
7.37213591690779,12.2613944397545
12.2293542719895,11.3753489413467
8.78402310161951,12.5748767914531
11.7338220958181,8.03835145137195
6.11309932145041,11.2254679644223
11.9683317994959,9.42649168475302
9.39562809173353,9.21937156437794
9.62733643962363,8.22070938274515
12.6490263829019,8.06487737331782
10.7272964497077,7.71066407149582
10.2014739395594,7.33025870071489
11.6468510968338,12.0522264930931
8.22216454882423,12.0342418032995
7.33699653612355,11.5617476313639
12.167215187433,8.10572784694653
12.8468356347071,11.4100665274442
10.9992821230854,12.0427013111525
9.98433091388099,8.47003542956694
12.8396061149902,11.2314903371956
10.2978066624077,8.49530315157581
10.7788924081446,11.5881773180621
10.2363007069616,11.3563317155404
11.5049002248054,11.9517300907504
7.65612971525166,12.0316594215649
9.0737711883976,8.63442970025008
9.59929448780866,11.3566664339435
6.76021188677836,10.1699845451814
11.5442502419412,12.9604518338289
10.4321876502155,12.7249722853378
8.5807573815931,12.8428996943912
10.7020096337167,7.86434891461158
10.3452570801366,12.7039262871614
8.59085835108254,12.6470098316926
10.126897106532,8.96151328236393
8.48352709817575,12.4969308117295
11.0717419553056,12.2511174050784
7.2192260143703,12.0151138589663
10.323522376063,8.15863780170958
11.6902900770552,10.1522842952575
10.4085063561286,8.30533194488733
8.44205708785014,11.4227399093052
7.83070973744845,12.1638714921531
6.75468560144053,12.6882613886589
10.9125155331522,7.88206478676712
10.3681465748724,11.5007750043545
10.1159527142393,12.8195830609502
11.3842314292305,8.04836041380942
7.26752485344863,11.2429880663761
11.0784185621197,11.4170833920121
7.35613590568857,12.4971646011342
9.43742266051081,7.48283064559874
5.790106238461,9.04703540992974
6.76479053029726,8.76598598523708
8.55253623852251,8.57148711300522
10.6134820722282,8.08453219687528
10.4511923978873,7.86375850341767
11.8714320820369,12.0414540453087
10.8848097063385,7.67273447114795
10.9090380658179,12.382887483689
8.07585208410708,9.2592806397082
7.73506955554427,8.14895385979562
8.79934603584283,7.74036209525894
6.44987790001842,12.1186932448434
9.81657162343443,11.8915042272813
9.53474853222736,12.0572358100903
8.97378145918252,12.2954111872197
10.3711771724669,7.55161907233275
7.13675377897146,11.5610918800083
6.20271042490088,8.01214346207416
11.1424744567279,10.9898818814681
8.04874790047484,8.27480546083102
8.24704760273834,12.6943791535159
9.10950763609941,11.5244530665296
8.45134040159025,7.87217935799656
12.46261899311,11.5013762812453
12.0561577914921,11.7243959716024
10.1002068050024,12.0459038165099
9.57923571846123,11.6290057313704
8.77386232931932,6.96187332540573
11.9908985059914,8.30953224672029
10.4785483185427,7.21072354768367
10.4256423793498,11.5196005725564
7.00739368681155,11.1890731722535
11.7553866981297,11.3641229555674
8.79312300125959,11.6237077086922
10.6829844030149,7.7050761741287
10.0994187487442,11.1008120111376
12.6352542919226,11.5615067747032
12.6989138808492,7.23779403117992
12.6051497418626,9.31107944002501
9.8257204262827,11.9201231863755
9.77290206298046,6.97477631072772
10.1926721037123,12.2262075127831
10.9775152243834,12.5604602105277
9.94076246632426,11.3269113219011
7.34636977611135,12.0588090122459
8.22002415707674,12.9173817300073
7.81933061472579,13.4672110135956
8.66482132563727,11.8606133242693
12.589406573102,8.25309438298109
9.81732110470193,7.68619487340763
11.3398864112721,11.0007942452304
9.82233585967008,12.0020238139887
11.9024559350388,12.0124802827025
6.36768072632029,11.4166673900695
9.06396972926715,10.9047792398375
9.82923084942731,7.50602214413156
10.7538389968906,6.92799529080049
9.53898593791658,7.86935528674065
9.58469784521034,11.5817785404498
12.2603079895741,9.03257269650575
11.2488529465681,8.61217364011714
9.34599738755651,12.8203539007756
9.8711493834844,11.9851408649124
11.3817665870242,7.59945265945895
6.76008532933494,12.7138069920845
11.6953840529683,10.9290635619242
12.7389418554182,11.2683338082461
8.81280433839369,8.52110073349926
10.1083706705601,12.0949539330793
6.92262563935961,8.88093015799533
9.76021393308469,7.36012209017433
10.5272606858297,7.24568899478394
8.48375037037382,11.9976672525685
9.79843424303598,7.59206679293088
8.13632512384183,11.6499485373585
9.815367879002,7.75230076598387
9.52122895668054,8.97662001541483
10.9944563538259,7.04466946137561
11.4988948345399,12.3421737153303
13.3088934008713,7.07377606181928
11.6941504750587,9.35245148698724
9.18227517055868,7.0829645400334
9.62732481203829,11.3851229273757
13.4705712412706,11.3854011689498
7.62417339843893,8.81035158349036
9.76326345290487,12.0627601320125
14.7859572001672,11.685909462976
9.24582052352026,7.57291720812276
7.61847360397199,12.4380021542444
10.5645003002549,10.6942908785396
7.46838419029607,12.2241357693101
7.15118427766758,12.0433647763649
9.56905817184958,11.112953076746
7.62882526954278,12.2591253279162
9.0752803626947,14.1330983344764
12.5163256168171,6.34909022848185
13.9340870013878,7.54817751590175
8.58483726083261,7.85745273929089
9.13210694993851,12.3263944247053
10.5137336272376,11.8874915689559
7.90962941517005,12.8980006505699
9.96131744637369,11.2260705244197
7.90313897715814,7.23548521383963
8.36478088544695,11.2576537226917
9.75950862967986,7.14158742434138
9.8230972202711,11.9236248541797
11.6327635707535,7.95570361391425
9.19024259231018,10.9013064160169
11.1328355726247,8.57023528931162
6.5827393280355,12.8420509023248
10.5344179598709,12.6380058778877
11.691322472824,7.03067695157332
9.88416333495997,12.3004485713226
9.71406524670984,11.9031766721685
9.19656297072307,8.9119687145592
10.2916808805702,12.0312118135694
11.6518371024021,11.7604032429641
11.8776754165926,8.16674857698679
10.471041889833,8.44382810220073
8.9912750172866,7.29515845943204
13.461315277197,10.3536076540622
11.964329419989,8.39052295119299
8.1504037796171,12.6423209428016
10.4111016316751,7.62527355530716
6.72070070152069,8.06742631931288
6.74749531764942,11.9625175985785
8.36268409609002,7.63889413987007
10.0662484561753,12.2027718643971
8.8709046107666,12.1361022977989
12.45602941052,11.6802370012165
14.1689112577069,11.026477173444
11.8184094010376,11.4931355115381
12.5207751626554,11.4775750370405
11.7220523402731,7.5305096886759
12.1870440561543,11.5407484546228
14.9235411004163,11.358523019016
8.61193917269781,7.38550903670936
7.60395371682479,10.5811051071395
15.2318786527829,11.3816588444553
8.85026331474375,11.4278239396092
7.40095121163501,7.01220005311347
7.89578080290621,8.17615830789178
11.496061982985,6.88173899981209
8.91905278039905,7.71184112742901
9.20022052247273,11.0846700905648
9.38534829950491,7.93875959957863
11.8269731109374,8.16661006834324
9.88392796053367,7.57023399651571
11.7589962049453,12.2742781321736
10.1704832008321,7.50077321578761
12.3083269490598,7.46467170257108
11.6332903502177,8.10033810177924
11.0327375556805,8.3531604547056
11.4386085039934,12.0552212870357
6.33257728280696,13.5870548436082
9.78470746002751,11.8890398415446
9.23113338691516,11.0459190789451
6.88976623963309,12.8563160188289
10.360395943369,8.61169446458666
11.2324437395307,7.38826145438059
11.1421146749646,8.58577965298397
8.61254592081048,8.37617712321917
10.7128951837215,8.55114603993971
10.7919372105385,8.51444613954844
13.6581179631306,11.6437247807125
7.76339787047425,11.3957979768213
11.3784095975883,8.15357281406191
9.31752398913917,8.63424368961564
10.4944189340457,11.5558090054658
7.73491259627719,7.92161820328806
8.2416272726104,8.30144996810162
6.90950966396545,11.8151190052969
9.81848471174024,8.43964852304403
10.4175365327437,12.8997245186007
9.48748112399369,11.3019722386522
8.29758237398527,8.76309429934113
11.2199063565642,12.2963524061815
11.8433312750027,12.1830310301324
9.44714999801239,7.99893266217381
12.8248188786753,11.1309545912562
7.40048658387997,7.45475872062189
11.4245942209344,8.67720149278966
11.591866646179,12.3538159806988
8.32024743490435,7.58880867247382
11.1564122645509,12.1393856597827
11.3730819245863,6.50542634833993
12.3491227783827,7.36335780733902
10.7551338288027,7.86545875640006
8.23538382762903,8.56687450822458
8.91964395024924,12.1337469878693
9.01275475943033,7.64952056160534
12.0160389525777,8.33935141385418
8.80662141475759,12.0248789062
7.6766400109169,9.19279884070148
11.0093756683473,7.04608145342427
11.7243611103555,7.24419442178905
14.2309326955025,11.9385645687091
11.6199532987664,7.97753809701587
9.98256933113051,12.6228608761682
10.3231433590913,8.81196146497106
8.16793511001508,11.1177521167037
14.4138676498919,10.8009314270032
8.44278742436243,12.6297067261025
10.2523140539219,12.3580755814492
11.5387775648002,12.0973396372517
6.89507737034942,8.94412182384505
11.922715540103,7.86921401992626
10.612176786608,7.74877213720333
9.69968652026652,11.2736009944786
10.9292737334757,11.6294153715524
9.05839081860124,11.5810422990598
5.48224563370769,12.0908686504857
11.3401067851341,11.5681537891822
9.08984407463146,7.13031802054928
13.0628642016737,12.6389723397046
8.28503924834648,12.0916049291692
11.3683039500421,12.4080405032991
11.1256387193946,13.552712506192
9.90623141536121,11.9536203934263
7.70878551551408,12.1379568790357
10.3757408169025,13.0799051260128
7.33800537981155,7.82815843317901
8.47351244418808,12.618501192955
8.54870928334052,8.97375793750533
12.4982395566379,7.58451332053486
6.77806998502635,7.97245170744722
8.28319164585073,11.3026578515066
7.28142971183237,12.6926177129962
10.7948352376577,12.482996654977
11.0072398434642,12.4841421059841
13.5008448000116,11.6306382243761
8.51728368538507,8.31576359460945
13.318636970296,12.8926950220408
11.0095333749515,12.746128797377
10.4379467300909,7.60751136836576
11.5792114223381,11.2850014104103
8.03117519669565,7.61735278116818
9.57351528485976,8.24710467818714
8.67471227408496,8.30180340269898
14.3145410108656,8.54684390973007
8.39886633232609,12.3179502811303
10.1709872574426,11.4607102862951
10.9993344962129,8.86307857826089
5.52163798062921,11.9124171170683
11.2745457019323,6.60930859228614
6.17948929457239,11.6860806481743
10.818469015646,8.58775194202546
6.45335320150876,8.58074052495841
8.67068969206625,7.90496540664669
10.1831429018525,8.0421843854446
8.60916099820331,12.6479674565914
7.56015589226921,8.82467065698536
13.7617198746579,13.0898665564242
10.4305465083888,12.0761517324234
13.9832507194161,8.5391741681748
8.65480887242563,11.7910664416436
9.01774142839397,12.2386967722263
13.894028796859,10.6584892864808
10.1074674603438,8.55469500477046
9.93499810626737,11.4575041288933
12.4020890019587,13.1613540454833
8.72214698937831,12.5345961347585
7.34731844629825,10.8803994389026
10.7220093023664,12.2152687406997
9.09466396978514,8.28981835204718
9.71231630592748,7.70582078016682
11.0405982579693,8.98545043822689
6.83532112683601,8.05353530759758
6.86301654469166,8.5006541571467
12.342439409961,11.7547875088652
10.0309159150664,10.9607296411126
12.0405839165093,8.00465436493591
9.69240006877271,7.65754384662174
11.0884266982012,8.03515439353869
10.9047193362172,10.9303348269778
8.39397239057161,11.3236783873569
12.4510916347058,12.0609016188353
11.720995566138,7.57300083203822
10.3431403681453,11.2596126033392
9.96232673706321,11.8029084112283
14.6386339177119,12.2155386343454
6.69869697026505,12.8315683237596
8.00892075490686,8.24836078049682
13.3956584212512,8.02925000320437
9.65639758359615,8.63418289645754
6.53609860322511,12.3757428422731
9.23996391478799,12.6309834524049
11.2638286001284,11.2870331632782
12.3290442124247,7.56021033854753
10.9995679533375,11.9417254720123
8.79637100579543,8.11908322982987
6.91920940217767,8.21164896912383
13.2461447510068,12.6742154971046
9.94441790265674,8.22681479837698
8.80883708010507,6.87086102332688
8.94178054036997,8.08221773421156
11.830528540926,11.8795503788088
7.15400136226739,11.3771096585794
9.31451853119811,8.86481392583173
12.5105257156135,12.3530083677682
11.1190118428211,12.7303425034025
10.9167429732126,7.08776544026035
10.4021142006429,12.3967117319672
8.56717479656742,12.1744744327095
9.77627627438645,8.26833091252448
8.31203777646697,8.06403475725884
11.6241365733728,8.77856743070311
10.8047517206879,12.4130364534114
9.05964784165026,7.83507065850122
12.3091026627019,6.96745593555738
12.9822460561441,11.5423563945456
12.0423280783322,12.0223002223351
11.9584020235088,8.97285573663841
9.01077810344936,7.92162187458742
12.1429416841694,8.67653346874707
7.59005061363988,8.72067136878399
12.0435945366132,11.4355230050818
12.8424485037412,12.1997088520291
10.7707300886928,10.8166960193679
9.814782705195,12.2624611408964
8.92616752340106,11.7151680795491
7.36166331159828,11.0992129370595
9.55116146394428,12.431829761056
9.68042432632463,8.03777684276659
12.3866896519411,12.5795300782528
7.82783051615078,9.24350629355234
9.77583995993202,8.38240382441931
9.15342770193464,12.0168972650726
9.32365326243541,12.0688507817099
11.3205403070901,8.01995780911789
10.0764281810524,11.8399254969292
10.1995892534886,7.67905332689271
10.9199980378259,12.6491055801182
6.8635164988669,12.2678458750854
9.78385461236865,12.5607847147803
10.234845006312,11.0978603254935
9.42556511840491,11.6842883773225
11.6102362305573,9.15861539791167
7.11899557120505,8.26831026366056
4.38430152641972,7.92302294080445
7.58607410241646,13.1333825076721
10.9392471679959,9.71013454073097
13.5180240532599,7.9104923748284
13.1267155588066,12.4141497753474
7.16382425260834,11.5740144936392
8.31890223439563,11.0814620363295
12.1617691908338,11.7799190627284
9.98853672510072,7.85833332245294
10.9075881062059,12.3915144412001
11.4572454164191,11.9921645660535
12.1449526355002,8.12382173135275
13.2782767569151,7.62981352075521
10.2644325836878,11.6586236860423
10.0576374534062,9.09222701003381
5.99873128314659,7.27511446292619
11.5609393213616,7.05324713718142
9.72829135710639,8.90763941967172
7.19798531305564,7.76067960866707
10.2417516487704,11.1154782153972
10.8939170648327,10.5090504700392
7.35488296565672,8.8154487440571
8.93379632496725,8.01822990351592
10.2835180229364,7.88125023223262
7.64035341159481,11.1469764285948
10.0558767957913,7.99577709208663
10.1372737797576,12.8019082136511
13.148919952529,8.44986081830522
12.6268188578698,11.0272057456198
8.50807923507459,8.40683552690988
13.4613825106774,12.3213899179727
11.3748801821138,12.3297698711558
6.47494930447632,7.63225126005772
7.97543217162665,7.49002073080908
8.36024811134668,8.70900982572478
9.68316078561524,8.78537900595465
8.90286564925624,8.74629063071402
7.56580239334797,11.9068477898763
7.49749951588914,8.08804325167786
12.6459861002397,12.5097075156743
10.3455559668059,8.6580783938888
10.2832678911509,11.6163155560546
9.90251706693852,11.3984633463773
11.5190629638011,12.6037891042769
11.0735777636801,7.43514905039852
10.7041783529268,11.9862933904357
14.8919915478634,7.20416056561586
9.04935186003177,13.128305604838
11.6816951383728,8.75323576450961
12.5846529216852,7.80549873014814
10.5293178135672,11.2505794925168
7.39904890331489,7.45224691416876
9.16339082199189,8.41947214914638
11.0659061048155,11.1567961730127
8.92134287219306,7.13011587399904
10.4085329535849,9.14388033938405
8.94816965510176,8.49145474510174
11.0955651258571,10.7712642031582
12.7090222951385,7.66783273324629
8.58700193584188,7.85045103204045
7.66568088071128,9.10608885779707
8.68369152499095,12.7504010811736
9.77670786455207,11.2694982251452
8.55511672837689,13.0305418457338
7.42913542229102,12.1300424194046
13.4929708480389,7.05700027367311
8.92158074753357,11.9559714469578
11.8971997426445,11.1982773176509
8.09950152550595,7.72345255603845
9.16633675433261,11.660902893032
10.8264699856432,8.16253041206066
9.65544740625791,8.93085328785882
11.59986161996,7.20965958891489
11.0074836050339,12.1839989201294
10.2394776244513,11.3291940326438
9.48546749605069,12.4280200048926
7.32743987356415,7.93412035146621
8.39965915127729,11.2793981094889
7.6529932249855,11.8446833732249
9.66301608661296,8.94746290364401
10.0175938684544,12.3766869949017
11.2904805296875,7.78247892577444
8.83348546571463,12.5907730631102
8.29110881614334,8.23732865528523
10.0592239349623,7.68380294735967
9.43022704343708,7.20413398957956
9.89698405507919,12.7866230467169
15.0727494760024,11.6823831952984
12.1354670392297,8.27630445055531
8.62984657563126,10.836286935593
11.7143814020035,11.1685823481253
8.56311794353,8.42153482606933
6.58022239428539,12.4768733218407
12.565956450022,11.9060225191687
10.28898006213,11.8238427110517
10.1129892536131,8.81044766796898
8.58075866527668,11.710412924742
12.4849070028928,12.7300815741215
10.3851244871113,8.67188154951803
12.5947642501791,8.99343902399821
10.6997043815272,7.22375221336487
11.1291156667255,10.330066400878
8.26787733267966,12.398658082052
10.4856927286996,8.34197218976885
7.87809472084922,7.28831880129798
5.15688142505578,8.88822014898459
11.8832151277689,12.2382970498438
12.8657682879569,12.774710980371
10.836634761105,11.5913452129916
10.5360182799956,12.5500277236855
10.7681045411934,9.04561511835553
6.34568103081439,8.11444183416623
8.04052070357219,7.22286226127214
8.68531977575806,13.1456474549286
9.63439263840826,12.5035758720454
10.7290168587442,6.98216709483305
12.4695930720845,12.5322459670952
13.1440764476436,11.9591466756493
10.0739467978526,13.395814726155
11.2967135632856,7.65984011980384
9.4575622335768,11.4549615641692
10.3169230305124,8.02387271140804
11.7914409260527,7.77842663751796
10.9449760257676,10.8947341645213
9.01901940516642,10.0856750282667
11.3110706354022,7.80170974138508
11.6993953241843,9.94910350603464
8.7273299188453,7.01319988960975
11.026584828193,8.36816414896348
11.9133129589671,7.82853351356868
11.6194205876953,8.4656162561892
9.64708968012778,12.0913974542522
11.6532662827864,11.7956278426837
12.6811933136358,8.06713147711897
8.00756610160005,7.41856288910977
5.64491267510178,11.6794054326807
11.825011844913,12.6195085261895
8.42996565926577,8.33130201240131
8.53678092114444,11.9938513601341
11.5560168108751,12.3181770736044
7.17232100461815,9.28858622109047
10.5948674029292,12.2770672636852
14.7195271856037,11.6359684801587
7.88600612228343,6.8446782466901
9.14180575511427,11.7766543731305
10.9511047525474,11.6773505959896
10.3379318451636,7.97410454190759
7.76429521504808,12.4469166518925
10.4242070496066,11.6840412285674
9.30230923259587,7.54110992739189
8.0070669783501,7.95624592533494
12.0857436799134,8.95432906168626
13.4129426922727,8.31815258887205
6.95751341076603,11.7361883721469
12.2938337507464,8.89416898112378
10.4688792305887,8.40398470095578
11.0864376351211,12.2587294332885
9.22985518118996,12.8365978167192
11.0281109797727,8.91442854499414
10.6160084487092,10.1986474731569
13.6783078540919,12.7057805521373
13.1868092994703,10.7165476032603
9.2836062998187,12.6545419257382
7.77424564453346,8.35331884653873
10.9918369910868,11.6004966149314
7.25089144012714,11.8548880496975
11.1124203063067,7.44025056769189
9.03866369793738,8.75182021092466
12.4457675008945,7.82343781140205
11.9689919446724,11.3185100615509
13.1664044033487,11.966536366832
8.94958569335097,11.6974120448694
14.0329592949703,8.52345416604904
8.53182161170339,10.9235041609269
7.53875517318443,12.5144019473794
10.2366646005749,7.90534902523552
10.9440296964481,11.7316009056529
12.5227895690489,7.55011029323529
11.0099397829359,12.3716525447801
8.44714455296159,12.0229953433065
11.8015115379645,7.73811095764776
8.22776559176214,11.4684453795704
12.3071813525598,13.0522869746452
10.7648246454859,11.1642735155375
10.6055425177104,10.579768590988
8.26715862576077,10.1368240441761
8.70236266280086,12.5373265866198
12.1708929994174,12.0662894842598
10.8518564669245,8.20183084186116
8.9955519716932,13.0751580256868
10.4804502521629,11.5607049912542
12.9694394689375,12.0029809845582
9.18348348973861,11.1034330515959
6.59883974776483,8.67800780684839
11.2389775228846,8.41179708041111
10.1062526980525,11.3948474614804
8.55540280839318,11.9205543730566
8.62825016732291,11.8253143231089
10.2041558829626,10.4879521778776
9.90417038837995,8.36776575428289
10.1717042325551,13.0896321325993
9.55875417563917,10.8100959879441
11.162897078821,8.58849191745542
8.12788720101843,8.38663063959392
8.38451873890758,11.8280151943517
13.6513522943314,9.07136407417053
12.1891024689998,12.3323117087079
9.04816270616661,13.1579686436278
7.60760668448303,11.3954091509758
4.20814592911168,8.2352797228498
11.865869366406,12.0050471919539
10.3619272404243,12.0309990505321
10.7520700475342,12.1605328037189
10.3469594104966,8.41455621416449
9.8432788675284,7.17641259146979
12.1732892099378,11.3149848310621
10.8842011286756,12.9117274821937
11.4954244539527,10.8038901239174
10.0044352219256,6.74868563461041
11.5292767394989,13.1626657980935
10.6843799556582,7.97058715235992
10.410022204589,7.9457393488086
10.7206828923998,9.17269369188882
11.6168543456163,8.10516080494676
7.71383829791288,12.3030958986334
6.17798579898603,8.23697579802776
11.1815841850354,11.7640830285839
9.35193023997506,9.82166719564249
6.43529988965935,6.84842931587103
11.1112805216725,8.02099146807916
8.70316295484431,7.83735858360837
11.530530080914,10.8518802711278
10.74390088255,12.3252296741144
11.5786110832489,7.67708355176591
6.30115518729198,12.1396282356584
7.62263739799107,12.222285097056
11.9708426828636,8.69830125529777
9.57139695292521,8.02594986104328
13.9326396565723,12.5933257220928
9.64163827330852,11.6079824244833
5.85164906327696,8.296690404615
11.4082101713297,7.47073697792799
8.41402142790651,10.992349048845
13.4304295051088,11.1343820222359
13.6902055094498,11.8455013735517
12.7965343314728,12.1903738247202
10.5643242519147,11.7873007330967
8.61739443296094,8.01478432357902
10.0479927919751,7.96918703164637
8.87777893094268,11.4517243663565
8.58183844916874,10.7937738291665
7.38858293836568,8.57140944181295
10.3805707557047,11.6803959085357
11.9044057051595,8.03968391649208
10.5311336040717,11.655575150117
8.61347186857162,12.742764806039
10.7543737125978,11.6673607815988
11.4533735935,11.9368154816032
10.5178077473125,8.55093566715355
11.6118029029506,8.37953977962955
6.94753343125184,8.79927649620722
9.88182930678946,11.8409665715488
8.72441524086907,12.1013361031788
11.1044719870966,12.3960912461333
12.8074934257463,8.53355522807493
11.0241030192475,11.4779986069686
11.3209582198216,7.53325555331153
8.96164969182347,11.7474391785221
11.4433705062627,7.2239798243573
9.44367549149701,8.2669375492139
8.95060125093799,11.4464130006742
10.1250777475316,11.3277292981319
9.0988022566118,11.8682390688686
14.2324871518609,11.4955917936959
10.862637797268,6.70323983984356
8.55361114671621,9.08438295626431
9.31419520361961,8.71426626120403
12.9907777116838,8.02325543012624
7.98124943275699,10.5525967738235
7.59305028399862,7.90314358683037
10.7912080452658,12.6451212754028
12.1181825482935,7.8821875354108
6.04229174024632,8.34886474648847
10.3819464106533,12.4137303866611
14.4328896243443,8.0198967105274
10.6965216565232,7.06503296562665
11.7627789031815,11.7233702383209
10.0761116986387,8.5023369019727
8.69947999889827,11.6192448555568
7.79849913666027,7.75580543055574
8.67048815083728,8.24668535224834
7.27055473398374,11.2685189820619
9.96137459727402,12.116840498001
8.17815515096702,13.1165200600168
10.6599643927012,11.3756729209648
8.75879574729464,8.42121331259484
8.76154409142275,11.9576336314772
11.6217972343862,12.5207891081107
11.379920756746,7.81691651566324
14.537389889239,11.5909692999649
10.1143334107505,12.4432704650019
6.39904584058823,7.51444468221914
8.05634510983885,11.5249953577817
11.2810171737309,12.2944392606947
9.74094557823471,11.2332047868581
11.9034644949363,11.5644352200923
11.9672272663366,8.22211863074437
14.3400743035065,11.2008069615619
10.5695575701496,12.392893537381
9.84556751186521,8.47516614058013
8.98371347982134,8.44339233620092
10.2174554644687,13.274233295506
10.8441874239953,11.8562186309466
13.0844474713942,7.96014290634339
11.1503634862978,8.9750205182451
7.31841412213898,7.66474394773957
7.60786965355955,11.4595186902194
6.87680357515993,12.6860428872759
12.1255874624549,8.13741945391601
7.18332519689875,8.42322644919339
8.84713891825507,6.93729309192153
7.58731278202845,11.4116594781922
12.4076664861608,12.2248354881764
13.0690725595663,8.52592050878963
11.5368668438256,7.52902191607137
8.12053247277957,12.681431527988
9.40189334191209,7.5531477996082
10.4974902456377,7.5914715904153
10.3865026429407,7.46609273041217
7.66426287170137,7.33132182589416
9.53488956473608,11.5537556979332
12.5489756961095,8.23064799023818
7.89689894592892,9.99406582705699
11.5704326785968,8.06227351336132
9.24442496962637,11.9733069012684
10.4349272846431,8.37599553453575
11.1961902347769,8.32920277311342
10.2721330763177,11.1606678373796
13.0919644303851,8.58677773290898
7.09590619987226,12.3272822008249
10.5579721678317,7.53966064822177
11.4120465989155,9.2670952713268
9.96830222949862,7.80257883420833
8.66592617851209,11.9096935226333
13.8319086687303,11.4443334429622
11.9138583802778,11.4004720260325
12.1169142390067,9.15744317563398
7.70163497887088,12.5001495001531
9.06847715707831,12.1429780859916
6.02014470100465,11.2568060004589
10.6718788506329,11.4857718763972
6.50638939778572,11.8847931746259
6.1576139154902,7.77569913958494
11.1204211528167,7.20769041022612
6.86233187432778,11.2532831491269
9.11390180957002,8.63886887912629
10.7350093938019,12.3301714049063
9.80330446118533,8.61076277794243
11.4512974796412,8.44089044150556
8.31450422065638,11.2031684473191
9.13923962920326,12.2145539537516
7.39378118184136,12.3613719962679
7.19965979323539,11.9443032529992
9.92540676637888,6.93641569419345
9.18110433603066,8.41051218955574
11.2043446880332,8.25785662226934
7.88728568675896,9.72028313295241
8.90209265989038,12.1402822426612
14.548354226492,12.0157083422723
10.6662416222736,8.41155211152218
10.9290245888703,11.3370530410005
7.98860859078495,8.81698033728748
13.9952738773203,10.5801308330761
12.1399273776601,12.0801687326504
12.8520320053746,11.9122222536063
11.5982150364826,12.3241565198592
9.79555085013742,7.85284771469035
8.85544531424292,11.0061733897983
8.30845260291623,9.08963424878877
10.7997159092603,11.8845375847725
8.73540003195447,11.7129530586285
10.405629594164,7.3059132132157
10.262772312444,12.01895924242
10.8965506920069,7.26931627654824
9.51934500420817,12.1381416778206
10.4006607112871,11.9681265367496
8.36155156690045,7.80659264029672
8.15101622812019,12.2039160163854
9.35876769899018,7.80406439525112
8.03120131840326,8.80828561496165
10.4349564539142,8.33208412237538
13.064961308804,12.6565380682302
9.68141249916874,9.4490855683602
10.8516806317964,11.4146409744386
8.34844142041088,8.28758823320727
11.5820819526229,12.4517940077896
9.88045042387445,12.3143331610661
5.22647546769874,7.67262689114597
10.8954885631558,12.7357439178044
11.3035997654589,12.3366596678618
10.9846709527757,10.6110600908006
9.95269004576479,11.4497601635252
11.1346063104668,10.4054464302117
9.82455012296134,10.0529282876939
11.9367978894586,12.2339332716238
7.56768411057105,12.4597958087225
11.4622341166272,7.81384509322458
10.9193848561288,6.99909106790646
11.4167759293826,8.19102333801846
9.5303808020757,8.85365676083276
10.6995024291823,10.946519214834
11.1781115544492,6.83735250932484
10.1271584230045,11.3497895045953
7.3180007554687,7.77119394521487
11.0317851759243,10.951172129151
8.83649042216782,7.46291099809218
7.36761487799915,12.4764856374081
11.3167350500371,12.3051507864568
12.9491015895374,12.6095694408215
10.2090485517817,8.72798827208628
11.5589309534789,11.8742245748553
9.14345565336971,8.11007295457241
9.49238252281443,12.9207445084466
12.2697192757512,11.4580648244144
9.37060964579726,10.3708975887356
11.3801233310559,11.128159841227
8.82499193448313,11.8549452250321
10.4137002727514,12.2295848915138
14.637798656568,8.1842146453074
12.0615108046497,8.49652578322018
13.9923373193357,11.6368844458873
13.2820834832932,11.5881157487264
11.2999680329432,11.7870103185499
7.70990399198571,8.38621405046285
11.0242010368174,6.61541292030903
10.0756651797566,8.29697237407329
8.19996806108125,7.99290181395255
6.3596002955812,12.0878501611639
6.73273461699228,12.3894104043371
9.49433901370202,12.2750947755986
11.7893047592008,11.2518641957944
5.57613682927324,7.18924089388588
12.3421929581794,8.1984842616185
6.3576147418816,10.8364462175202
9.33207730137648,8.54291527263467
12.310514023172,12.5513437292259
11.5073484627664,11.6885901153921
10.5105404028617,8.95373689418991
9.97069877186956,11.0584612092554
10.7911828419475,12.0443720591924
9.21787357522238,11.8763324768142
9.89164474758626,8.50486095179428
10.0150779187657,7.49334363298437
13.145470671015,7.21762604482169
12.3867051168007,7.74419886388116
11.9713614092018,12.8554841913669
10.8972872150234,9.16654382462561
11.0258072157922,12.5042414136744
11.7531302058004,8.95170456676637
10.9639797621246,6.70315378582879
9.20395361809162,11.2990085839075
11.9300370814087,7.96262680843137
11.1159071885967,12.9727365702803
9.03103944394523,7.72135253301097
9.25701028202974,8.0286502394403
8.13309322180605,8.20176711530153
6.95988199233477,7.41999218202374
9.34933945241495,12.4387311998576
11.7386594222873,11.82798298029
12.9803985113001,8.41502094360173
11.2249293853352,11.7472297430589
11.7386507589348,7.84969564831768
8.49556764941414,8.38685488934876
7.01152760431471,11.563868896618
9.07945717612681,12.4416378869821
10.3160800940586,10.7034213190911
9.18252953383396,11.3626892408531
12.0684285234509,10.6760388029632
10.8199319459349,6.91776693250404
8.75964445040729,12.0917225229367
12.8969149449076,11.5729562974777
8.65384316621244,7.37459839540638
7.56164751066987,12.1629909532965
10.47287298137,12.0342625931401
10.8797950424626,8.16835623087054
6.61611087416188,7.89505941006535
9.86644227747484,12.4198954836531
6.43391469893522,11.108084506624
10.3112016638661,8.40970114948274
9.59040986290652,12.083042813895
8.88095843658331,8.82575658703757
7.86813852944836,10.8511242404876
9.68233520333028,10.4316835051395
7.9166300860054,7.70937900883701
13.063856787744,11.5446389999188
11.377928205444,11.0555478283662
13.5710963998593,8.76014046125565
10.8258717989886,12.1293321830186
11.5907185307611,11.8359172025422
15.4062478876618,9.46746193551601
6.61431813868211,9.95301511498225
5.80884251236944,8.66180403933096
7.91195505543434,11.0533113697257
12.0262351563588,11.4738235281599
7.18521377245967,8.43338509147158
13.3602063555126,12.6775306119637
12.6649116756978,10.6234907823823
14.7069035706323,7.47791326561715
5.90259924872008,13.013057223001
8.19285400563328,7.01807070230408
11.6339857245219,11.970914233459
9.79426307941314,8.51519794080819
11.7795549239421,7.47027094534909
7.81676890139399,7.15024009760508
10.9286781323852,8.68352411149034
10.2673721886975,6.75783171892924
10.2400475931042,11.5303723927848
12.5428570851802,8.83861531577818
8.94608892274352,11.6437655181895
10.7033353882894,7.37531581481067
7.45845701434125,12.6579569349657
9.68544345065071,12.2783326000248
6.67115674397522,8.30270143025009
8.67639230192926,11.6632492681279
10.1626606398644,7.80067829509519
11.8682049174504,6.58292123083282
9.39946225669169,7.49191561495884
10.1174889396365,7.57680653184769
12.1569431701575,11.3268452139419
6.82617409777771,9.64282265234583
9.96886148654819,7.6077524774609
9.94058660717918,11.6953113485764
12.2273036742218,12.3729797987083
9.91502066087123,11.9061373732612
8.24179267895966,9.11416026980046
6.21970566319094,11.9918800324208
8.72043429434282,7.60277849437196
12.3670264307368,8.87858442165704
13.9140729896852,12.050774494192
12.8404673439667,8.81760336438263
8.32650569870396,12.0459405427437
10.0604862567903,9.24738924076778
11.9890019138702,8.49017814642137
9.12634313693293,11.8419931089751
8.16256466836441,11.7363410511504
9.87848961248807,12.1837162327883
8.11065341384601,12.6577690138804
6.7008666096606,12.4677675377045
8.23550551089376,12.1831576147947
12.929523478216,9.41788045805377
11.6031237025187,7.47162944245598
10.6008767235138,12.1050484914544
9.6649767997608,9.20344674310014
9.06001019555118,6.53910295815543
9.77346759707589,8.07790434554955
10.5030052770776,12.3592936582633
13.6688795924143,7.35655018390942
10.2635918015808,12.6418823782729
9.82408980678257,12.2483711042322
10.8365620353939,12.7962736161461
12.2721560948033,13.0214685703469
13.266288028042,8.49380207386914
10.9438504868021,7.38822415186957
8.48311572548663,8.69732045519415
10.8858068552782,11.6998369108904
9.92171600244687,8.45642791694906
8.62762632211131,12.1968267482412
7.23155952682574,11.7898955476323
11.6901385836612,13.1061604721414
11.5291318998713,8.18932864668449
9.99820969375111,13.4209857212605
8.563131999528,12.4244173663694
9.45974339190371,7.56369536298377
8.02677168494856,11.0405875522923
8.86458518755875,7.84827584280855
9.78128876654102,7.96956793169628
10.1426001023674,12.1755440102892
9.86647674713816,7.11081864758772
11.1688736205037,12.5206202742009
5.36953737087813,10.7362022261979
14.2438803354764,12.5155614802523
13.6551514910479,12.08053736206
10.8768444164664,12.4946836828158
7.18514751764436,12.0629825559537
11.5654383295782,10.977477672224
5.26927042013798,7.8760374065537
12.8515469024608,7.06064108141464
11.8793883989271,8.22505664425867
7.33034301155676,11.640029025112
11.4357401433298,12.238818221544
9.82135300709214,11.6872234546307
10.3474286678988,11.786268421781
9.56269920451244,13.3138289060459
10.5464901232987,8.49586879026541
12.1200134551945,7.8889901467451
8.43976903088875,11.2155647889243
3.91391581249839,11.2225620232686
13.2803074272194,8.96125772937325
5.94948968453801,8.46565276011264
10.9152374503055,11.4811342918938
10.0816305994895,8.0270432461135
10.7083025640822,13.6502811893019
12.3478689882346,7.99161171611307
10.0207925817079,7.51601111353092
10.9084338741386,8.58863340749909
8.07536787747562,12.437107243044
10.4608869361695,7.18466394391037
9.84138961434703,7.13602526762275
11.3675839152198,8.65509326977678
11.5399173781608,8.64623890823168
9.28722355026335,12.154416441192
7.4616239299874,12.2780404320437
7.64707293258722,11.2646638352448
8.33337105563194,11.8745088222671
10.4695407429714,11.7690800728503
8.50420609441557,11.4246983048367
10.2042288816849,10.6446702589956
12.3646817201236,10.9037482825502
9.04919778838813,12.8677585773688
11.3306268368127,12.8249504972255
9.60639245605477,8.64677259154936
9.27305952121884,7.98248414530859
9.06117238801658,11.1516975190489
10.1024708919813,8.85493258396003
9.02534415410357,12.1967554250369
12.1175461689337,11.8636337259369
9.9479737129861,11.8390902037101
11.2999089975964,12.3582798893374
13.2026164919395,12.0320764481971
11.0174788928198,8.92439876935086
6.88244698325023,12.0838270383008
7.43952879417149,11.6940674020207
9.24512161660317,11.3774741572311
11.7624464272395,11.8242052842905
9.3633946018639,12.7505578904606
9.40677053753714,11.9661064482046
10.8919984466198,11.0703585043963
10.0917044051621,7.21714190968657
10.0375584709654,7.64047452033395
9.56359696745473,8.52250598323247
12.1993912320253,8.05189158121008
9.83821909950053,10.4879712505795
10.6527913396268,12.4104971619622
10.9880648490119,8.84393075847336
10.646615398181,8.10408239541601
10.5972641998776,11.931746317084
7.8910533744997,7.92943267796323
14.5512226217889,11.1271787202679
11.0315645243935,8.20673965513521
7.54783328856314,6.81432468932386
13.2595349087575,11.5311146689731
9.53177550398991,11.3832931358396
12.9400450676054,12.2994858466273
11.9225386454986,7.83377167528945
9.43121688156206,7.57066066466649
10.1169560453846,13.1049351334228
8.42145361692497,9.0116059770613
6.15583497673185,7.75809682510227
8.24395928276362,8.36072472587055
10.1187006400727,7.65761520812048
9.29173005918761,6.92521451578629
11.4640800830072,11.8843717167484
9.36614089335992,12.2396183231289
7.70886439141319,7.36628589229747
8.28257784109703,8.61438114233783
5.23418062391267,9.29434918996941
11.7384936483446,8.20077871899167
11.0066514010216,12.8358807495488
10.4869110526288,7.29014436165517
10.2417795782505,12.5104643532658
10.7929721765106,11.5181133593599
8.72682656644252,7.87996023163743
7.33447223141828,7.14367066151842
10.1107476609879,12.4872652938333
9.00409316459761,11.2732764495488
10.9182386679155,10.7548081608414
11.3709426324559,8.61009009653309
7.64373476215153,12.8463929343204
6.88202550623812,8.73862902163827
12.5413793362274,8.60013829842446
7.60883865833007,12.7278375278959
7.68912176876348,9.39624289541762
10.0033345685353,7.1263778468574
7.26979507863884,12.3717038583998
10.7443060526916,11.1264946277246
8.48845829415806,11.1317016089503
12.656806421587,7.95525705509171
6.88727960783644,8.05735764864428
11.454933052622,7.04277578229486
9.19109193095154,12.2376222177356
14.1833024817313,8.00801696967923
9.11329583407614,11.3782362773856
7.9062725801644,7.58059620913942
8.8461053686357,8.05642342260426
10.0998385306077,6.85626951392596
9.5588238581257,8.96706277974183
8.66220254841762,7.90603255942941
9.80396051929485,12.2409318861545
10.3116937629853,8.51864313500681
5.07773141927785,13.2573327212761
6.83540384395136,7.69270204132691
6.67160189389081,8.25986228188638
11.6329645924541,11.7099887070692
9.46290163066071,11.07079629261
9.573357176756,12.3500146863901
12.9223452238298,7.33569834278896
7.76465998967613,11.6415819800488
14.3014166821557,11.7192509139097
9.49285670969572,9.34319770681088
7.07792631407269,12.197430283229
8.1967308774219,12.9235541363545
9.41899419391579,10.3207393176758
11.1000948315275,12.2981506958508
9.53851999187917,7.36521481776949
8.22395789198047,12.2500236233223
7.82786993033012,7.42749489649194
11.3576600897671,8.6319649817422
9.75276054743436,11.8808247510367
10.5772356130299,7.49080856011046
9.66365374512203,7.08253191109372
7.04091717468362,8.20579848725238
11.9950667924392,11.9974899969117
10.2267685018149,12.7060890680786
13.0617817663667,12.2893692285519
13.4680498665017,8.3735127093986
10.2893785830779,8.28413273645035
9.51374936538421,9.17109014197791
4.94007591853902,7.74724650699827
9.96883338373373,12.4649037239961
9.69706105673173,11.3657345264582
12.8936256913937,8.49352734247106
8.77126512497719,8.35730145137955
12.2102069777794,10.6625436974082
8.56143542638257,8.00157473357815
9.20235948161697,11.6929745935783
10.5658786910445,12.5546540040678
11.5997256957245,7.47401847638718
9.68020744209453,11.9524569537567
12.1482098327069,12.3844120604549
13.2156953513847,11.8892675397015
9.51316954459887,11.6328360931586
7.66248078760576,8.14186218680801
9.84011427690731,10.8510245777583
12.04461678944,12.3464265485547
8.81257074015613,8.9239445376309
10.098338987861,8.64779121216541
11.1813189670524,11.2957163289327
9.4348320748789,11.6560712562053
8.64841892650386,8.66546039258491
9.57682022274842,8.62962268090909
11.6874104028873,11.8249789088305
6.98232078497818,11.7737036503599
8.1667176585767,7.65202424993386
8.4889350019364,6.90115472123739
7.17253738757395,11.9425151559824
8.58721302877623,11.7610341545248
15.2798178568036,8.82341458522827
7.50308719855924,11.8548700082264
7.04710905913751,8.39835638148775
7.73075002016448,9.15331777498347
9.01033801391442,11.8889625493789
7.19618079126377,7.91432834355887
11.6845349274769,11.5352470223063
9.65913525094052,11.248058280436
6.93692076681755,9.14736500972831
8.58473892755737,12.5439492689342
9.4945237214389,7.6714818930416
10.1828446270674,11.7241010888801
12.0800155454463,7.41368397682363
9.59266293359159,11.6868996110854
6.79835463917444,7.85399779744289
10.8730059938665,7.3351313572632
8.92035056156097,12.0846525152414
7.7831597171216,7.5534136553132
12.2731706518291,11.8425397463452
7.93091254707529,12.3299200318198
12.3411328648777,11.446398055235
9.68944389694985,10.9356427682784
11.898095958057,10.5620320464449
11.4612511703823,8.30579005304353
9.59876929495704,12.2260220655847
14.0028022044487,6.95293152616737
11.1488458526268,11.3419587750214
8.67014899911423,11.8882915683142
9.57501462652683,12.0943072994147
9.62022234366343,11.9907304592314
12.6643652957127,11.8062089285057
12.5899109589161,11.0303989522189
13.0577970457327,9.34162379056707
13.8628141939238,8.08701067201252
10.631615499139,11.8382735756208
10.1732591118174,8.94492979682523
12.1004673359857,6.98536335221051
11.2784363543113,11.8093706649455
11.3260337045635,8.62483793374809
9.71827917228028,8.31620426772657
12.6214567450269,11.6483862554436
11.1935497339792,8.36186538459829
12.1066065674191,6.72307903106837
9.77029534564307,8.70437778555646
9.99586663667545,9.21236989725986
8.19323960715863,8.90813732252674
11.7230331676278,8.40944368570211
7.46353838896736,12.0399919909429
7.2927642066671,12.4457730358371
12.5428498004451,8.47423776403822
4.57449474974071,12.2293750882226
11.2088801365782,8.54138770982393
7.59980535632136,8.32586787130326
12.1167722787484,10.6506447535476
10.6031246263689,9.14827902619388
10.1556241312341,7.56214519781385
11.1246181481412,12.2391745733025
10.4930977967781,12.2002868059568
8.93099600849085,11.4542542891417
7.65988291165525,7.89446436645735
10.2777155467992,7.56742535939108
8.98384685266834,8.45268932702898
11.2337384855879,11.2552309540859
7.79155741420471,7.7860441259506
6.75665691913826,7.93410756497629
10.8980709541993,12.5609900681458
12.6769357150663,7.44607528403085
10.5392709506053,8.45276854197771
9.41208088923792,7.71670660992829
9.96056788421282,10.8850401825383
12.3647314771506,8.17579198012421
8.8748496261569,8.1526116280621
10.1173421442181,8.65988120821324
9.90717473557689,8.05216131268534
10.1755439690324,7.24275885438603
12.1706421235684,12.4504317809295
10.880782437775,7.8451818771655
10.2900244269532,12.1677496853757
6.83812729433065,7.84295355240661
9.89975071224817,11.5079592267882
11.1835551855077,12.2124817650542
10.6224569355407,12.135880247616
8.10374201431112,12.6099458382295
8.700665390555,8.20493154035595
8.59091590236268,9.0004733990703
8.01520760133675,6.81599473198271
11.8588995805813,9.15077829092328
11.8307840085095,8.33389219441735
11.6563347178763,11.5855340358856
8.80390462714376,8.09791660199486
9.673826499724,11.8194819738921
10.8891518977258,10.7846720829274
11.8202672749655,7.9375570922451
9.94208197643969,7.68279715045694
9.34725940044222,12.0676036976209
5.37195172924588,7.32464064602357
9.59457451357175,12.011764067945
8.43162474266218,8.48605407280761
10.8977417059825,11.4861548839096
9.07919714357553,11.7639997264375
11.2283814726478,12.5591398186321
9.53551299403571,7.32627306602165
8.37932455661552,7.49500289430367
5.72283492587246,7.43906184578553
8.25319937306019,7.44278589075379
10.8182733199275,13.249757878744
9.07082451134762,12.2019892351787
10.7255693698823,11.2781887845747
4.96668917573206,11.8575807353318
10.2759174066639,8.57346673075204
9.54007428910875,9.17585909006673
9.39867827785025,12.4159114444889
12.1492615631476,7.22211128982185
10.6688526035919,11.0359708172626
10.3675153393042,11.5279594151314
14.029602629331,12.0846871782588
9.57936491594498,9.05368480627223
11.4051570389486,11.364399224201
9.30774556736909,8.10988813823408
8.92698674681795,7.83367664703248
11.6964156085865,11.5413851467912
9.70377811876924,7.75951602810477
8.54445473053967,8.90301920566398
9.34622138713277,11.6946792797707
9.63407649287198,10.0766294253745
10.9666137426309,8.43944847439484
10.0282643216237,12.1577179733554
10.2470129741336,12.9422840062109
13.6749026918844,7.99238942772159
6.47188247786255,12.9605646489907
9.27791110658466,12.0336210052057
9.79127414042217,12.7505078272216
7.24928909991391,7.94910293285057
15.1939261353216,11.8724935725038
8.94886786532898,7.59817900284448
12.0575129023029,11.6631108755898
8.93002835774422,11.8054895909655
8.46087480180772,12.3814424969255
7.99684981682939,11.0806756837339
7.89011275395826,11.9033552691294
4.66685891818345,8.33828433221161
11.5713086397586,7.27619311748197
9.14505263099506,11.0487720648994
10.3633444991122,12.6398401564008
9.4063455108249,8.90247848891158
10.4146205189276,11.660436568146
8.17892040401737,11.0376053317147
9.55354699354517,11.7487197251982
10.9595438917947,9.56121051621568
10.8927385887935,11.9099918177678
9.89122987359458,8.03884261548234
6.73281348088077,12.3161182389534
11.2197324252909,7.44798037104071
11.2777994356684,10.9093985436802
13.406073402541,8.81356376408989
6.63808555556698,8.55622397445363
10.611687674602,11.0166914113493
9.75707191089431,11.4099077852487
12.484623211243,8.46536713878642
10.3602355093566,8.16870867700288
7.53033452563596,7.92989440052784
8.60870755726157,7.9182775856155
11.1180351152444,8.85904425112826
8.25253588986035,7.70075568385559
5.47023805086432,12.3694076215646
13.7224968457347,12.4268464312176
10.6873112391665,11.630604912685
11.5728662361239,6.73981892204919
8.45663431764571,11.5739086211907
9.34778494482731,7.64990387830508
5.77723458661516,11.9083553208297
13.3238009435759,8.20308194474947
11.4968790476912,11.1874074967001
8.07531466499342,8.22439743169783
10.4907621339284,12.3616090214743
11.1520603478396,12.1969209037162
8.0174153481321,8.71446929313322
8.07033371802671,11.7418517025367
11.2218938002279,12.1940194633118
10.8875094306237,10.8473786810716
11.6132743449442,11.7313003411668
9.49885532238707,7.52730522269816
9.04946135217452,11.5734294550401
11.9867583781554,11.7841075319759
10.9673806511859,11.9477251506355
11.0869912169313,7.76004773381503
5.59546364405484,7.53466241269804
6.34321348906129,8.61542937787768
9.06204581209909,11.7660465501454
9.62336301469151,7.78620015099984
11.8079482824168,11.3573460402453
10.4044163711496,7.92754388082901
8.66991270585854,7.91950344505913
7.96046162329559,9.01613025320067
14.7268399532628,8.39775695035681
11.8108769698719,12.1167884226999
10.9351921555891,11.1746615821584
11.9948426576263,7.7420017604572
9.72251952077727,8.88823185196564
7.84651982407403,8.74905396822474
8.57361478135449,12.5209731652072
7.87458614797256,13.3059518379561
15.1854369202741,8.30083686208572
7.67492732628458,7.76454389199455
8.5416907566531,8.6331847054388
10.9019099196131,11.6272791659617
9.41785832968229,12.1953570297999
6.61261524406241,11.7819458869188
10.4893405027939,9.02698501162871
7.94386283488884,12.8904960923142
7.39886028277829,8.97928562565881
7.77148598610614,11.9871639643198
12.4678589602916,8.12126483199363
9.68761286626372,8.49994232055363
11.0482623914945,8.08190190572513
8.88266421538955,11.775270791625
9.84686354969036,13.1166220141066
9.6193391885479,12.9550184039748
13.7641090917286,12.5264732533974
16.0167395335623,11.8404372626742
11.2342897173131,7.70426305603181
7.73387901083151,7.68030123225146
9.16382131053603,7.96586329921223
9.97325144925889,11.2861100173572
10.6253022847364,7.57925109343429
8.13122737822389,12.3370112401305
10.9222988296221,8.11530200865679
11.1269824638496,7.22266849369131
9.36207863120316,11.8842461254029
10.8302264884478,7.6049946887926
6.29764634722192,7.53862484436442
10.1687771505998,8.13217019443936
11.4032160481482,12.2259136802604
9.04315426119456,12.5081350084163
8.70576187810472,11.9631672158965
9.5013832098825,7.58864518487961
13.5809099141273,12.7752887316498
9.28151272017843,11.6540720916655
9.770728737047,12.2661685741501
7.34614943146501,8.19872667988976
11.9692924197462,8.91032277516735
9.03691117774942,11.9467206947548
13.076247718362,12.345577291605
7.66941715933775,12.3718691991413
10.9719348928645,7.74467182623922
6.77769768317021,12.392381579396
12.8164952985131,12.0782312892446
10.5975976325888,11.2268408277981
12.1005388684903,11.6059894582206
11.2539537342313,8.13418335601816
13.7046633999965,12.0258933896484
13.8896998853427,8.07758717442714
7.60651366147828,7.39525966612819
11.3183416848754,11.6738262730343
8.44628204752188,8.70408620725367
9.57770543438924,8.81977311213065
7.36561805537074,12.2854535771456
10.0937106477366,8.49182066587221
7.22353893760257,12.602094147827
8.61203161522952,11.4031355731455
9.98230237475735,11.0948471436718
8.53842049268632,7.76753331501845
10.0124132197511,11.8845379100454
11.9932975219297,12.6295944040668
9.05056766781329,8.30449852132836
10.7778928518015,6.36330974305678
9.4178724006847,7.9195336882518
10.5048768148524,8.2478741511046
10.5068635416577,7.86758437467001
11.3505571686054,7.87065775076184
10.5683474084421,7.70089143541941
6.75765021944081,8.74840949450931
7.34560275377551,7.97063845953598
12.3903343628637,11.9025083802147
8.50930785916741,9.29765505406401
10.5392058813032,12.1186152637879
9.79020666164307,8.05342276052815
10.2821012557913,12.4070650124041
13.8853626124156,8.55723736251719
7.23615843280987,12.3464562112612
12.6294017061883,12.6001226170469
10.7961534490383,8.13242854654801
10.3410057631362,7.70315546282522
8.57814743340275,8.88816386082205
11.875476460534,7.474724911774
10.8566789528847,7.89359578459743
10.3703464240438,11.4931380169748
7.94584006474343,11.9740876144893
11.8389539888521,6.70514959595585
9.3266486542678,11.5309549533742
9.24848949644072,11.8885756955246
12.3116642751687,8.09694628345861
11.3206910221311,12.4946342389048
8.84724989865209,10.8627451541671
11.0984234537021,7.62228017046075
8.27896759554993,11.614766938852
11.5307899152609,12.2433984540693
8.38861696713537,7.84929855550664
6.37530603065517,12.1500370299814
13.4070822586272,10.2352028734986
9.22861446172213,8.2991828554768
11.3283317433223,8.15066105241715
7.73730106874165,11.3973950451725
9.71942125902364,8.77118323647582
11.3224821570006,11.2051713374025
12.0085089210906,12.6519004085965
11.3416105844382,7.54708125236009
11.1666085958101,11.8100498983066
9.53587955426787,11.0955105062075
10.7624661397004,8.51085747070328
11.5007105468326,7.88129859514861
7.32309012764839,11.8518624107241
9.6112159458021,8.12490253388555
8.59632571216243,12.4392154624462
7.26852271886712,7.48992085633564
12.3721339080969,12.050583584259
12.2647386330593,10.860925991791
9.42825640927731,11.200607924777
8.6294558886053,8.34928281024453
12.1341106367158,7.84948628716778
10.088615711168,8.7286121871055
8.48981135634296,11.2413753402215
9.0921659260851,8.58601604930291
5.77896047786082,11.3693602976796
9.30854026939991,8.56264689433951
14.517728443485,13.4588721564315
9.35928061808537,12.0117061546582
8.28694535352337,12.1352662637798
11.7233430423459,7.17642938954586
10.7653313016634,12.230226134034
10.8517981203093,10.8444392723366
8.8486257133052,11.1574013538742
9.35239311088034,12.0160826838388
11.0123897084019,8.2092770573289
7.84497090982341,11.9861886809632
11.3455966711804,7.8226645135284
10.9274679917279,10.8633340041142
8.09292828788384,8.27006684630145
10.5493961475139,11.0751056167369
8.29996909663263,12.7252218196251
10.1275546457401,11.5433415758214
10.4625412572454,8.36781999123375
8.74719515736557,11.9007497193904
7.92019331976507,11.3767894818471
8.70649320265733,12.1032655339818
9.15542508461456,7.9835042783258
9.49651940253096,11.540083190986
8.89289611120525,11.4148889101346
8.61958918750545,8.38722374097016
11.5048276386702,8.11180916650351
7.5378574474068,13.279215161443
11.6913996501455,12.3259847568453
11.2028212111665,11.2829094444299
8.70035997651262,8.1086687949524
12.2703179426397,13.7655499943322
9.67958973876909,11.4556913710123
9.48730469071867,12.9322683060788
9.19923425006908,7.25913088257136
10.2393026787229,11.2529021416651
8.84225642223917,10.5961163868064
6.1115725659081,12.6600101921707
7.97392411565764,8.00198478692845
10.310779378786,11.4137677864507
13.1210495160011,8.03965196012427
11.4631360196527,7.873734814512
11.8735072101476,11.1587790402563
10.9312442600728,12.3466825797312
11.6924880821945,8.78273334114094
12.8807971970042,8.15621018837277
7.92509474908465,13.0797110567058
6.73869684658914,11.6226264741788
9.88836577371512,11.411388973115
8.02972367527171,13.2518320111137
6.57462011815343,11.2657177809558
10.7188541768475,11.86670407993
7.37124608723397,8.61630829142138
16.2398067325443,7.77976387804763
10.1155106185331,8.66526900226528
11.4644020204997,10.6150909702174
11.5186720949181,11.9732082875588
8.02977645645695,8.5192143211983
9.88248142668956,7.52966796090296
7.84077560428736,11.4101642911569
10.7985005995697,8.30715718035377
11.5908077720881,7.41394467903479
9.73374562551142,11.271289764354
5.15650505087012,12.2954508253633
11.7685553306803,7.48832679866443
8.86981803375796,13.1400197602112
13.058178064288,8.17381662230951
10.6343938720319,8.25115102466808
9.00819057744424,12.0204157824403
8.34142731499297,8.08567059720327
10.3789299571651,11.0014144455874
7.62227253142079,11.0418440305472
11.2748044227547,7.9683983376498
11.1111591987832,7.84336141780248
10.3845142020786,8.28584797670404
12.0536522816278,11.6610088512616
8.03304433799129,12.3055174830346
8.13460961739676,8.0023350739471
8.07425352566838,12.6288424721137
8.37257578390092,12.0158768447037
9.61097521270693,7.39598788410651
13.8320251794399,8.97024883912688
11.4035384307538,8.56797304710726
11.9410988774323,12.2277656818028
9.74320704048265,9.48781675187507
7.21058974850369,12.437516418935
11.4171068299578,12.6325758423231
9.58877606945987,7.33831006906306
10.5448115572789,11.3613029735738
11.9309798521075,8.61814558692933
11.3760464434005,7.33301550603552
5.86945618477484,8.14670991518754
5.68501118820968,11.9965164279342
13.4074564982025,8.55249369445514
7.76004231021791,9.22140334914141
8.01623060671565,11.6199634350388
7.76405231212378,7.73832432205535
8.80105959136995,11.5126448710283
8.69723110260261,12.9337642978089
8.65078102554654,7.72674082014428
8.04915927838322,8.18457293981387
12.8920749450733,8.17084555234764
11.9113752089349,8.41590022540679
11.3248423732563,7.14956552094158
8.86267695020014,13.2995360832793
9.05098855611086,8.82759298779173
9.06925009341765,12.0293520481465
9.92930120297589,11.290235666966
9.0138657928004,7.84468011510116
12.793382321711,8.43010268941713
7.94910889803941,8.41179438008676
10.3781453949023,11.9214296479499
11.4373515200161,8.38948454900023
10.0155322597026,7.99621003604319
14.9829052031898,11.6596898029053
9.6594379292058,7.00865388087994
7.12679370676844,11.2740760931586
8.38778810358366,12.239998444751
11.9839474880665,7.70221708767156
12.6867068630302,7.70358102091841
9.19118246848627,11.3858919061025
6.94258009528451,12.0318891338207
12.7777136785956,7.37727082392052
10.1074517637843,8.81227019939666
9.87522795688449,12.6229297422109
7.97128720833632,8.21784235638869
9.96587399651822,12.0587258223328
10.8800152266551,8.05074410475972
12.2420104500348,11.13432766794
10.4546039646635,11.8076921535053
10.6046859315086,6.67640908963469
12.6325446843636,11.7180388323226
8.66708242488631,10.9586824094665
8.61373432098363,8.5566386874604
8.93050733490615,12.6650324099571
10.2596251817937,6.86666692854607
10.4237585010637,7.75072439853165
10.2389064222421,12.088158137411
13.0448813302907,11.2091202655109
10.0120864708734,7.22010694831545
10.8750834730393,8.19346341204329
10.6544494969716,8.0992058499576
9.9318179794039,8.22463701892678
11.3592609301165,8.15273518614466
10.020594787488,7.75073948359811
13.507698708307,8.05843607735491
8.64854272622479,11.5673207454192
11.201015007627,12.7109142872917
12.1131614035324,9.98568524747057
8.82133448683854,11.6763172714362
8.95949094260876,7.59050441049372
11.4101257769747,7.63795752466269
9.80072052686988,8.02384176390892
8.46293920329085,11.0963260636984
12.580279239874,11.6913260161106
7.28779915599558,7.5971405827172
9.3109030572189,11.7106291013882
10.4777962951413,7.95974586778088
5.86621291943827,7.66260495548754
11.4640201912808,11.444251796262
11.3104387746417,11.3087851505827
11.0185761746655,7.37490692925086
8.3329937970314,8.47402165704885
12.2429339696097,8.40718701839396
11.1344620170401,11.8132634549434
11.2140782811414,8.25779068738658
13.1877815492058,11.2385041261843
9.65270497527484,8.04735815256694
13.460143795164,8.33876421425758
9.41545688783357,7.47435944606272
11.8414508548174,8.37593526029206
10.9387663845038,11.9859916323746
9.82249178086741,7.63843694166341
9.08851033701304,12.0890568605759
9.50980627469727,11.5292157940932
8.00908173450487,12.2257357381264
10.5201250583497,11.7605831224635
10.8686087024209,11.9691103761714
14.0609436520079,12.001095435928
8.4809959776337,9.34106894653129
9.89022485962722,8.67670434651097
8.11744068883783,12.1847568901762
8.5685201736066,8.64455044894732
8.45824582241013,7.06931474270214
9.41825870606475,7.50055193532478
14.3481154744387,8.63659323105673
12.036252399198,8.27629256299377
11.6066390679295,8.58465368877572
8.38953319792703,7.33757437226375
13.7646359033428,8.91489650429609
14.0123701360094,8.1357498238939
8.31942199450165,11.6438180243721
10.4118478129761,11.9801270302473
10.5001116440708,8.25499641788097
5.77344892211091,8.02269813935251
11.7455707695325,11.903182311076
8.31431601042903,9.11003565809152
11.6357201617128,7.39777727929519
10.9873821939379,8.32618729358814
10.8312134231181,8.80959831249616
11.3040050705306,12.1682977073104
11.5701755707443,12.0177824949243
10.7218176447128,6.93853325483611
8.25259451466361,8.55613891466483
8.25931102930009,7.50632915312116
8.24934191202744,12.7959175494405
9.46671435273491,11.4497983283076
10.4026119595952,11.7043923762197
8.92658625944381,7.43559496633059
11.6951220258707,11.4933414512252
9.65707313046195,12.4608038144267
6.28869207666285,7.42993211288415
13.784090518943,9.51290749026836
12.6869520875011,10.2999103291676
13.632048868818,11.2401184751289
11.9575178083966,8.29857342267933
6.4427805792067,11.0178771980411
9.8910033839986,7.02231860552412
11.1073989392008,7.81840235687748
10.8708072437435,7.29462591501914
11.4609647576364,12.285870409355
11.1032480684056,8.34634876130883
6.29262627828275,8.34622751960169
9.88223116410941,11.6814470599512
9.36586051539041,12.8686882827739
10.1999031386015,7.45470663504885
7.05525249073751,7.72271935367763
9.62145065829209,12.6242195398886
11.2723943887655,8.84544370094989
8.66510993287003,11.1107663112464
8.7555922107793,8.564127165067
10.8114911195803,8.30455044088498
11.918050534973,12.0864826353402
8.09408609158606,12.0162130879095
12.3565284664657,8.09738709053888
9.96899350829377,8.39949930414908
13.3807381695417,11.2339082015781
14.4170746018934,12.3800146352094
12.3653956202162,11.3941501788564
10.3666469641456,11.7754457872131
10.7701621786869,8.41190277520442
7.73405602249107,8.34368922958923
12.439539153555,8.15467483884048
13.5555637241738,8.47770059500708
9.53778992422202,13.2105989644069
10.314737558272,7.9269036417355
9.07343355346181,7.9659585129815
8.27305486352118,11.8748972799063
12.5599394379355,12.6634570155495
7.1923131088357,8.8387827840058
12.2313216339267,11.8212975135198
7.39458756421246,7.75542614237527
9.54430889021074,8.16135023380966
9.15933506010624,12.5421831162381
8.69600493826888,7.420932471291
10.4955410831579,8.03603030241925
9.49898553610805,12.1548902782612
11.9119934073862,12.4180262375709
11.7543691352737,12.5806616548503
13.4402903762814,13.2284689138018
12.3485042380815,7.77907557999312
9.47853172675362,10.5996037133419
13.8698405374639,8.24836024084892
6.85775328223531,8.42714676308498
11.7271643443178,7.45279050960781
9.34329072790438,8.49688664238581
7.09274902622619,12.2279281592172
12.0220370032931,13.0914450334059
11.1679962899235,11.2631424239699
10.0362049081673,7.02135399638174
10.2059806811845,8.62826019276787
9.33789614430125,11.1043456038281
9.39251076795674,11.5270169474977
9.60505495050122,8.6582445497235
7.85831927699946,8.46085667323708
10.4115350436299,11.8446208070904
9.07327156627015,7.67536179179366
11.4072964516248,8.33692365108682
8.47937316487154,12.7536482519517
8.23497003701364,12.5155728493959
11.8769407758292,12.0826116209856
5.35664670611311,7.75975991977211
9.48148267123785,11.9885267192777
11.4537080316012,11.026607874691
7.64075113253689,11.4995940910572
10.0575516710558,12.5013366000555
10.959462883953,11.6263221462222
6.81658045195064,11.5399702912595
7.22920301661844,11.5828567650289
5.78176404041985,7.5401014510434
10.2074766889785,12.1698706884063
9.12963462112983,12.2849781169472
11.5763348977483,12.1781042945965
5.7820001248476,11.4526330490028
11.0064404943083,10.4585591212257
10.0056957422315,12.0335337638712
10.5375685917434,11.8555376781789
12.5978201881246,7.2912200026482
11.3816780791559,11.7963281977983
11.1705611996026,7.20164601735684
10.0839069927869,8.26110832914617
12.4097811960593,11.6301741037425
10.9126863087939,7.63331673978813
9.96326884763285,12.4814645139852
11.3186706189885,11.3461591851877
7.99949672929894,8.35797321923455
11.7144010633804,8.49904604709947
8.83724817218665,11.5888423796534
9.6112107701914,8.20038558130018
9.68435899816125,8.16715993761292
9.5409566370724,7.55786376075403
5.12016977538411,12.4948791573876
9.34971296247536,12.1550538548182
9.1021058399834,12.1039987845282
9.73952044873602,7.98682532717831
11.2683839827113,8.12902334396192
9.50502978666897,10.7107776469691
6.37870369032838,7.72606561052638
9.34031822796311,9.47228578071329
5.6976030589932,11.5508565265388
9.28280860084229,11.5641727666985
5.24984582282965,11.9880433257834
10.9916792670905,6.18883947659271
10.9474828908923,10.7053757084334
9.73203449021507,8.19150256773434
11.0721500484442,8.80062313083827
7.14148615870493,12.2693232906524
12.096081861954,8.08282630459222
10.054982715044,9.04771821643597
10.8301136498753,7.48578577259364
12.3550129407247,8.30091443877454
9.73293587367047,12.6388778490315
14.7512574445941,12.7551593596284
8.09121554538344,7.71366825943581
11.1849545594059,7.5250560448089
12.4204171955257,6.87978325135021
7.50223271312803,12.0207391385087
7.09382740504879,7.6371803867003
8.11777120992882,7.93696330710581
7.15715830580768,12.1091192220969
10.4850667001314,8.12081228256593
11.346226248504,12.8539734753565
7.88929577602181,8.18916231555597
9.44867831328951,12.1561124729924
8.17196051517703,7.89227404959767
8.06049479665901,11.9459923516061
8.48819901383523,10.8506858269156
8.67345204791728,7.83765382553707
9.52690807292286,12.0620547222428
8.62874364354133,11.0526136230513
12.4234649386428,8.77404939018322
7.41459143459068,11.8557668388312
9.53097379538831,11.1132042918573
9.83549327403789,8.3108430525688
11.5089397169985,8.12236462510822
9.20892426909076,11.5011077958887
8.00875565260516,8.61184633379413
10.8042637620848,12.7012204598679
9.38335958116166,6.79725517642201
12.4307798025592,12.5427059875357
7.45260185320947,12.0250039740917
10.3284209322829,8.28246346566423
8.6997057561235,7.73493683888098
13.6644886667306,11.3482188957788
7.41679346915817,12.9242700594375
11.8717095175928,11.108587105057
12.0317874200604,8.45470669114507
8.09989587296505,8.30601167223249
8.07850998447118,8.64018268133908
11.1869995857075,12.1560400696808
10.2490172559432,9.30818815586622
8.75725109980503,12.356493777089
11.5533276993651,11.5145233073762
11.4811358507496,12.1108361213078
10.1548576320149,10.64321705011
10.2950250679364,7.90480410952672
9.26025407800535,7.28288203768063
11.6077354307987,11.6291749742113
13.1575732797599,12.0976018838077
11.7231176221886,12.6454392815508
9.02741517901586,7.88296828153202
12.6130877446367,7.50545757767945
10.0899793689123,9.61472446030156
10.4499859388845,7.38590180558663
7.94384070471562,11.0927271035561
11.1416372241098,8.40101417786536
9.80302428113663,8.22044072005024
5.05682511294903,12.2871510040637
11.1367893454836,12.126778915267
12.5183417195179,12.0518984356086
9.74891480667106,11.0453548648594
11.4269987507586,7.57703100416074
9.0741715919649,8.19403961294156
6.50503353566266,7.66042744536671
8.1127435060371,12.6608557841774
10.3549625717103,11.7282190507143
7.7341427048467,7.72190085820669
10.9907405486517,8.14171874957742
10.6351980122723,7.39992572819209
11.9318833885879,11.963394204899
7.51083737858861,9.85008447830801
12.3314634575393,11.9527899178143
9.11091911556029,11.5191703649313
6.19918678525088,11.4261830854999
10.0161205172676,11.602682959058
11.1453395093924,12.4025162155544
12.6289796009515,12.9335039287609
9.26392023354591,12.2612655416456
11.2453914608006,11.2232726433725
11.0590043302117,11.1766185694018
9.97538251225867,11.6203033122218
14.4285352197176,6.48859167508093
9.83387387713699,12.6655075725111
9.23308081991178,8.29681594966941
8.55752015331057,11.4291766663036
10.035486491522,7.05343578103554
9.67627162356115,7.19665351037543
8.12959845412225,12.5813339022272
8.38823837364975,8.17969307254181
12.1895150271282,8.17028688983033
10.9872602269941,12.1582240786077
8.60891634944162,8.8444891276908
10.2814553986187,7.28064980803814
9.53120166840774,12.5184679248898
9.31366332315522,8.81501549533994
9.49879337811052,12.1796750666072
9.16813644753105,7.56463251461055
11.0433289428938,12.4500016501211
7.23276546227467,12.8414426709012
10.4736166282482,12.025820662207
12.2256080053262,8.29037217693252
9.7342031228407,8.29672003549776
10.0216987163517,7.18204177999979
7.70432962477068,12.2360794646965
12.5571908017385,11.9510611785076
10.9784875371736,7.69229383391248
8.23678206446366,12.0306827880802
11.5220879384833,11.9097120098495
8.80127730987967,7.54147249936096
12.5455392011996,12.4186121958376
12.815044221567,9.51668873782419
12.2642569125478,8.40652492728379
12.2752070134065,12.3827745779685
12.1526219281418,11.285333229373
10.0371662022029,8.45545250721688
6.36207250772692,8.55441204896976
8.53187374928421,9.28098794097741
12.1019941582401,11.5735191741446
8.32604585351252,9.07305473683064
8.68260282325978,10.4641311335513
13.107242295013,8.62414521802818
8.51566011021187,11.2550165082969
11.4065784785143,8.73180416667684
13.4649578792048,12.7676855542809
10.7657271116114,8.67211164784442
11.9894780093482,11.7613811240172
10.2170210647456,8.01051491617611
10.4553985087307,12.4366144473831
15.1855545239395,11.2237519724542
7.10589808085526,8.51494986653011
10.6867161259725,11.8237454539644
7.27400681446241,6.93747234079545
13.0412778886336,9.4017652288819
9.91900123842017,7.74219117782505
9.29357625824367,8.1848682835385
11.439350572103,8.720689986066
14.1171870617749,11.5446942451948
6.3897448039151,11.7455227430237
4.30958346515858,7.70266534330798
9.76291469557261,8.74818347482221
5.32877210788841,8.68630874676676
11.6282540303591,7.99372684492707
9.68481997750984,6.93670118223
7.44080383909004,8.97656392195916
9.26351678868845,8.29775234262302
12.0682100726832,11.5637952707624
9.0438801062133,12.1751078231201
10.778145757387,12.530557069746
12.4876311191464,8.46627454756921
10.2322084079293,12.0613618093906
14.4590990162188,7.96294138639559
10.7235454783679,11.0502774507846
8.73781982698612,11.6160012633269
13.2935563783752,11.2076583231843
10.7475729816094,12.7960428728358
6.91222015088,11.1424926216513
8.97819138260209,8.11679665641918
12.2974018719002,8.42197366344706
8.56226055866555,11.1104645186299
13.4756452164128,10.4192923366551
10.5349515002151,7.35952722459969
8.89895159338906,8.95384424010549
10.7832597075625,8.90430216002495
12.6584716501283,9.3575287086716
8.39679410458036,8.67344339709282
11.3346290473356,9.43898035734249
11.1833775790756,7.5060617637607
10.2471739659656,11.6899276054902
9.07552487599482,11.8101289822909
8.62214893443723,12.9691212316096
9.8929574644526,12.3266916184918
8.8545869951718,10.967915315964
10.427512672905,12.4404671715624
10.7196063771987,11.8931612188748
14.5539146433263,7.91504215799049
9.11941717649388,8.02170432945811
9.36205730157547,11.834514407384
9.6947756485937,12.6420119978445
9.73622140048463,11.7430890057205
10.8923944372243,7.79100626472369
14.4995383976872,13.187305627456
10.3636370402368,7.92178285126876
9.45827316859134,8.84138082835605
9.9258535628484,8.01308777856616
12.8127512580446,12.1328135394882
9.466619572996,7.55921850861378
7.4076089492543,8.59351641173922
9.50198907111532,7.54376425849154
7.62251894672703,12.7375169170048
9.38147891272229,12.5147980614038
11.1783990732577,12.3894425437497
6.63281577048754,7.51381481310833
8.93869236268566,7.55481030788262
9.96663181582814,12.3882918867888
10.379473715803,12.365430168765
12.6951538379647,11.1896613573715
12.3906404952747,11.4851550596544
8.75965656002272,11.3929443544716
9.64962199813377,8.13994553423152
6.7057043966671,8.02250720112279
7.3358541998488,7.74738014854728
7.98063888888044,7.95595392988459
10.4550256808477,7.07314798326066
8.42021686047923,11.9402309207945
11.88729613289,9.47156126353912
10.6925219437608,12.5778001479678
12.7275327887846,13.7686299664111
12.2096489189069,12.5969940311085
10.2037646979628,12.0705469477284
9.39682873383339,11.8075263184855
6.97872121737124,11.458005858282
11.058014151612,8.03101616125161
9.74050818664477,11.964893033108
10.6518907541193,11.2755757923888
9.56843854426135,7.31774326101617
13.0320073691597,13.2080480667131
11.3825123941064,12.4324510654279
11.312374323291,9.00144826678442
8.28954690251639,11.9993558573075
9.4418794476921,7.80094856136665
8.51525524954595,7.91497700016275
11.5549856748616,12.3772828247844
9.42151929494816,11.7660929220406
11.3324919804677,12.2012181384882
6.1470737215792,8.73161710536735
10.3534980407587,12.0945960988289
7.81063056645791,8.11790921029864
10.2787953822469,8.25700722975295
11.4157312834009,8.148867128057
8.87850790494938,8.66358267163242
9.98962588104543,8.56784092718744
7.48053365343732,12.403641631201
8.60111897945387,7.28857691376592
6.24748555088258,7.83849707284777
9.69406230060934,11.1809415755479
9.33035547516335,11.1564052682972
11.9733014172125,12.477012097641
10.9118894447161,10.868853822407
9.96152891108395,8.78177208180986
11.0587628805424,8.80733229965295
8.43953963486639,7.28339603660726
10.3435947316781,11.9173093805068
6.78188641664729,7.65293310894803
6.6496978182732,12.3661190863568
11.8850298551844,8.45998420822796
10.1591491085144,11.40781812211
12.8228041343697,8.48829796019484
9.65927817551133,12.1993423055686
7.24637930966484,11.9827386922626
8.20115927759304,12.0288505246755
13.0871667757712,11.0633578299273
6.36171527928897,7.90301657474869
8.33060208766684,7.96812562782572
12.564331691167,12.5451586935957
9.68936825683316,8.20821882391959
6.42324106954355,8.6079994105228
9.40180556704091,8.68144091034989
10.8939230227226,8.08152859158354
12.134616825952,7.77954888379588
8.02607975343119,7.39188524533754
13.7141553160505,8.39114692635317
9.97223467862774,11.8616275467585
11.1311186696476,12.2395141952302
8.79540519111856,11.4055625664695
12.5702473409507,13.20210539691
12.6720337002626,12.8800544876981
8.88722140203236,9.82918045373204
8.56669764612857,11.796653889118
8.48195662991155,12.587274294272
13.1370217913642,12.2863675272159
11.0709271410119,10.7647731368359
10.4188244018433,12.40755204692
11.9849464854048,10.8421233683998
8.92549975569816,8.30293750747451
9.46365436054501,8.40978386684096
11.8580151133039,8.59150579867715
6.88346619055762,11.8559302138856
11.2998365309424,12.7025857401096
6.9769477052693,12.3825513385897
8.26936026725456,7.912551812357
10.6953692753225,11.9083757841594
9.62780992696573,8.26840231849306
11.1906925974722,12.7384687285245
7.82346161113234,6.82894611309634
9.24127845350924,12.9324509140568
9.73238969987097,8.4382313316154
10.5877874895591,7.84553128148632
8.39757138065039,8.75234561829184
14.6114673084455,11.5324033399888
7.96983588635386,12.3015443004632
8.11496347285935,8.53854753835598
9.78573145130809,11.5388112337579
7.73731856277822,11.1194918513679
8.96285260789596,8.09352285578446
10.6387081141804,10.7459174226178
11.1983399440744,11.5350760639572
11.1321777208164,8.27532418897521
8.37048909937199,11.7880280638272
10.7867700268161,11.5930870902798
9.6765853376933,7.42213882511435
8.25882187248846,7.99972072737545
7.26642719239398,8.05081253423104
10.801137066317,12.0420484345318
7.27030101579386,8.62002201252985
14.9910474638788,7.55711918830814
8.32061424968857,10.6688068717842
11.908444364841,11.4411601748971
12.5013868700184,9.03584572037282
12.1314979059102,8.27923042839341
12.3188847353538,7.23438887470317
12.5439745351477,8.36023541934527
11.8546828325286,7.40722408527795
10.2032188422218,8.60902076680757
11.1155376744187,11.8882178366658
10.9268288253494,13.2214838472031
8.67861102093358,7.36227764269437
10.7979225044452,11.3330789770943
7.38834596594967,12.9381135730523
9.11359783200284,6.64914904247247
7.56519895389302,11.5437938913081
8.32034032545644,11.8040397784823
8.64536319200016,8.47807209801462
14.392109296575,8.48981474733022
7.69065604509778,12.0124255843321
9.53320059254298,8.43382672754017
9.22051111283336,11.3531801967055
10.0574708909031,7.6699997807544
6.58326058405924,7.95213229226681
8.87718977974937,7.19854402645141
7.721314075234,8.1383424915322
12.1901140171463,11.3042360730444
10.3335738813319,8.18170816719484
12.3449757821298,8.40571002928094
11.3763520457987,12.3360489050328
13.0309484887566,7.17149630999441
8.72789858560675,8.01412552806534
7.67274857563042,11.7338319460497
9.14567040881527,8.31755104698207
10.3921826666437,8.46090238184231
8.00590439127049,12.2961289643193
11.0349327951211,11.5958573534087
8.65648603985575,8.13989915270939
10.7506360514788,12.4801205226685
9.16879663288362,8.510923804868
12.3193371983028,8.54826127518239
8.28791606231395,7.85895830766263
9.72249220852176,8.26221087268243
8.76507617803219,8.06715966923397
10.5293383443046,8.01000868074995
11.6248607738716,11.891917372591
11.1468177961606,9.00461670422606
8.77648760988249,11.8586486063459
11.8551640722133,7.95298465239078
10.9192643369375,8.23471730509211
10.1554188404159,8.06500031648092
8.41197464548828,7.08277256699916
11.5112953936173,12.5076568464039
7.01990518051159,12.2615768326195
6.09579610986279,8.84912760600801
9.0952024998685,11.3288259950018
7.26274772947256,11.7057079110309
10.5916217709759,7.9836697843734
13.2469670509432,8.81552159947075
8.94062028928852,8.64709499834826
9.48562347903983,11.882033547404
11.5019110004997,11.1999973618599
6.72820616465728,12.7920450691496
6.93669112289872,8.9309164829721
13.6691126849086,12.3889166676035
8.94495079598567,11.447882631587
9.55351954081308,12.4174219127552
12.6127216987687,7.99862324800211
11.5458142654979,8.45360241027165
6.29685217070316,11.08949875347
12.337446524367,7.73201053544566
9.05655380202821,10.4622801503222
8.42397719574348,12.4557457173153
6.65041848424875,7.62741014423945
6.06048576930705,9.19917105115472
10.1747318548745,9.1529872555693
11.6898143670892,11.4096138680438
6.5742931509565,6.77758885043318
6.8486629120468,8.9099128619786
11.7174302601762,11.6555235825371
10.6549990047361,7.47157849687248
10.9651985521488,8.5054163565868
8.27752098690382,11.6786032523923
9.06898454704659,11.2782256792955
7.22318059485601,9.27953141584571
10.9886217673984,11.8254591691802
9.10445052457832,11.6551045845009
8.30951394835582,12.7961229825116
11.3842545195491,8.02256707958923
8.89119929710409,8.60226468439378
11.6102882305433,12.1364918029237
9.31230654972295,8.79683008021261
10.3386360832937,8.40716188697686
10.5608439307922,11.328611299142
11.4353091788567,11.2416323854292
9.20267856759425,12.0233531540708
12.0560119296458,7.70395150202885
11.0670584287556,7.11476649914446
13.9667568688066,8.19023371870835
7.59852588754159,7.65406920096022
9.17105181883639,11.096801284757
10.9022729814049,11.4326453830539
9.47509887866606,12.5850892346443
12.0408534412218,8.23912300385066
9.13193503939546,11.4700885498592
9.32811812206489,12.1470143731765
9.56381523685849,11.3413373442519
9.77058638713473,12.1103531678627
10.1807479152174,8.99888702892572
7.41945627121376,7.97392526225842
9.1093951364381,8.93890177833789
12.1191922369868,13.0220471742201
13.2035277589251,8.52030638817257
10.5814099271242,7.46193731093245
6.9203194710128,7.64298797806994
12.8630438644732,12.4279826538261
12.2951780629768,8.81774915833026
9.92613598470778,7.61358888402737
10.7813774952321,11.2465805049492
12.2241748568518,11.880622555026
11.7047063958851,10.7727059821759
12.2986591226093,9.03287296897191
7.2531787549563,11.6832874670444
7.33043147376152,11.4717666482306
9.35050428389943,6.98525388805524
8.15542353016198,11.5013022425232
11.8574794057423,11.5459155474755
11.4101726192842,7.94969134049901
9.88195815446289,12.639300595407
8.51844826252058,11.5773586242505
6.65653800500526,7.79976363676926
8.77491756834599,10.994227742143
7.03426292942053,8.22958369362946
8.57573763216262,13.0739581603385
9.44572510838763,12.6081327003494
9.98554414021721,7.76955825941181
11.0119846709961,8.03367521348277
12.4632655044471,7.70602930055603
10.553370625775,8.69358374443925
5.80059765723992,7.94842295948127
8.39244913874784,8.61328893017794
11.6081654135112,7.21308103885261
9.64465026333702,12.39768785578
9.01168646067313,11.7876158719053
11.9602430850483,8.42589735598993
9.79886372794662,7.27773223382633
11.9416969722031,9.26708842549531
9.37926624027167,11.6937319888382
11.309992618437,12.2196130712318
9.2461736882389,8.070945784453
11.0210230604989,8.77485442711729
10.8724568145285,12.6554060357965
9.77272436751607,12.0966948750764
12.6788177125899,12.9068172068328
9.95629728268613,13.3425992597247
10.7463290565022,11.7284344876401
11.9501171317819,6.31880313468023
10.8573819026367,11.8931823196703
9.45757166716126,8.60693907207705
7.07054068284125,12.2307163517782
12.2427247450777,11.2170648703443
5.81813325273503,11.3718829382602
11.1896268716483,7.7858357756488
7.5549428839271,7.71385916606217
9.86424623461584,13.157267085912
9.83309463870603,7.64607146976675
6.45090039653992,12.2680310313272
8.69769723774201,12.1235437304409
7.44407557852104,8.71011574759579
7.85390215772631,13.0727498781646
9.58802509742972,11.7251812433956
9.05109188107202,9.48122192211522
11.4721313137233,12.0865411278445
7.96361549828453,7.83395448320783
8.42674195443012,8.76302083191487
10.0752323611603,8.8584323601771
6.28571716987933,12.2679677405721
9.66224687838061,7.68030836741256
9.50575044183745,12.334517988849
8.09113161272863,7.42261937055044
8.89877884520307,8.25021757869966
6.71720511153221,12.4753726640376
8.43684815669809,7.94325211682481
9.2108175858133,8.06353692126807
9.06123337092187,11.6905213902385
8.52800174316519,8.81309907180728
5.70175220595919,12.4647687958515
10.2657849436238,8.17677802441941
7.54318979133196,8.41034743125044
9.50465037388478,11.7425809918658
10.093121926007,11.3480078245533
10.8049694078641,7.36989624392993
9.77567714634397,8.13243495491777
8.86545176511413,11.2416987769277
8.01532467590744,10.8845846652102
12.0787361174166,8.50514833316782
10.119685440316,7.88613144572465
7.70132187720288,12.9399131309838
6.25889718323986,7.82829914125231
10.9242492210989,8.13117938125127
10.5730429283113,8.40373192765559
12.1637688745377,12.3790995117663
12.1826968051349,8.44536383245557
14.5153968120608,11.7471997057958
7.42594677279299,11.7674292662821
7.55839392856,12.3352882394871
6.99904086984185,12.6172586549082
8.81854588052404,13.0297365534243
11.5359193020545,8.06202961100673
10.8195598948541,8.56441372938065
11.9468018824741,8.34375626327575
7.27215522555417,11.4975084571561
9.97684076964424,6.6025819651133
10.9658167496019,7.28579278692654
10.310000243191,11.9690146865106
12.4301795002979,7.81663394886256
8.32442831100074,8.28780062538719
11.2431896863684,11.8046692653821
10.3110498001935,11.5580230968243
10.8179655815139,7.18602549203778
6.84489102147028,8.25790567693421
11.6736721883772,8.2285831481659
11.4470291193042,11.383899054789
10.2629574783882,8.35177372692248
9.30548963477137,8.2013609009964
13.1536433259799,8.12717542796202
9.60632720588572,7.6898585712583
10.8218465639172,8.57792090485862
8.89201792955668,11.9501736752822
9.64984514291423,10.7534847184146
4.84984558562616,8.57029619883142
8.02606469088456,7.61287713239641
12.360617224703,11.9445048756669
9.3767982041286,11.5096324793451
7.42143219967081,8.00269115595684
6.88852944689511,8.43512844475207
10.7037283875343,12.3659965962916
7.95276256299764,7.67083832617341
15.1663385785548,7.55393494550968
12.4526475358201,8.63524773319309
12.1690236420453,8.39162711883274
10.2534863951404,11.0335055614182
7.75711596690367,9.78578891428521
10.5784159806514,11.170726815003
11.2763097779994,11.7007994244933
9.80926552729069,8.36866489414691
8.38604159362962,7.95749088120455
13.2163913581286,6.84773278724576
10.823106607302,7.47564279382779
9.19503135094187,8.09842330858788
10.2219247159497,12.1685186842321
11.3080721373586,11.5271913308608
12.1381314923422,8.3475534035617
6.23317971702129,8.46364884610869
7.1141460757096,10.8717258413164
10.9220596924335,12.1414117788492
11.196559838877,7.56240933667757
8.2310474099256,11.6775615474167
10.7214157659342,8.43843731037169
6.6119518889319,7.68628140818449
9.0752007447506,8.05149645129073
12.0505023997032,11.8518015043706
10.2468618843106,8.60333868798079
11.5136322656213,8.61733325105765
8.02535301503304,12.1915670309799
10.2801418707765,12.1648708157164
6.92502610960568,11.4510360807507
10.0515436650456,8.18777618111953
7.95393906521761,11.2072400153905
6.48188400372913,12.032913216221
8.2230824199135,7.89698711757814
13.9256081837625,7.80209276068224
9.01188386675432,9.0365541049235
9.02189456627561,7.5624732598811
8.93665558075871,12.730408587103
8.5884324034847,12.1290377901297
8.42550880294667,12.6270937533253
10.0814125685306,11.2958144930634
9.6794851465215,12.1071835305344
11.4148721502607,8.64930403303659
11.3451929412015,8.70945527586889
10.889738982602,12.0218629901096
9.73420781086858,12.2212568824706
10.4731649139773,11.5457086067572
12.2277611303168,12.1902750894751
9.78000519825514,8.47470740097581
10.082370102028,8.9397598308203
6.40149831537118,12.6984723825446
7.8993651094367,8.13326733913218
10.7613304562577,11.1148360054797
7.01121336634896,11.4048668692315
9.86933210311343,12.2208740575236
9.27166009404979,11.3125056823843
11.691058651279,8.16978857274496
10.8708586050885,11.2993199826017
8.93172421321146,7.88029573137569
11.8864787210796,12.645023713348
10.6036709237875,8.37874817993964
10.1148909818486,8.37736863088203
12.3564667980004,11.3824502649982
10.5889138369676,8.29240583201838
12.2905260704961,13.1574702098239
9.6916346428796,7.84902747864676
11.2729523856205,11.3131214440706
11.8215477308204,7.87405939915561
8.67438749878566,11.4828882936411
9.41873929042797,8.74113753637497
7.07234848158854,12.7799278381441
9.78193360516027,8.70828140672613
8.56326015471302,9.05919351187821
9.40363827343532,11.8688161205924
8.78940889854019,8.65270332074921
9.24403209338115,11.5690782211342
8.95651015691775,11.6424430572224
8.76358796572298,10.975742296488
9.12718403093478,11.6091330345308
12.7282183478264,11.8122880123225
8.10350747084299,8.16203243268117
11.802858267853,7.84671218731415
8.39866973153954,12.411666156889
10.615780111705,11.517914185324
8.17800245886939,8.63632014472009
7.84815885722675,7.70374653763109
10.8910781635702,8.27481209165449
9.60331565839685,11.8704591466028
6.98704662156524,11.7232631700979
11.4514788175367,13.7280112811746
8.83314161638742,11.1748643324538
10.2809640121714,8.31722437295793
10.7209006282343,12.2693027668164
7.57512582832662,10.9768991504934
8.64853730336808,11.5364313403908
13.1392869465528,6.65550407029337
11.2389945658862,11.7289222515292
7.1275416793569,12.8456155975425
9.37044228522351,11.6392592264242
7.70980558229948,7.98493732922937
12.089025865645,10.7837627503252
9.98621894142063,12.0254141080329
9.41802476148701,8.33187044103058
12.0217122057151,8.82397050825865
12.2232872786634,8.12350856202568
5.41202805560527,11.5428320643459
11.3117695313039,8.26384362463903
9.20018312117035,11.9097432138378
11.4138004793194,7.99695788011004
8.31641254130663,11.3780359919977
11.255689349579,10.0164982370749
8.26841197851423,8.2856315449007
10.6302187903349,8.10198489265664
7.52773932948341,7.77833907194842
10.1540925429166,9.31682343348908
14.1739708432114,11.9681193555246
12.4270717579601,11.4949741518244
11.7773781674655,8.755117234158
7.91809641001043,8.00483509000805
12.6220108687322,7.22696587772196
11.7171313282431,8.00028496982554
8.90039151206225,7.96119437041086
9.33634154780727,7.48688097141881
8.78152983059354,13.3396136011991
11.6562906476781,12.1876724399059
8.27093737167564,7.26851453832718
9.31539853822769,12.129768511418
7.74523914780159,7.96409902618586
11.451327123281,9.43187958409846
6.99114370563651,7.88024861113978
7.54518986950687,8.11021487161414
6.93049315037517,9.14973054719281
8.73651167576429,11.7202731708406
10.5751212025885,12.0204594924757
7.27506426258218,12.4939948336207
12.9636644689348,11.8634536418498
10.4132423386308,7.26673373883388
9.10339469061886,7.4685186317602
10.1177903212112,12.0734572055362
10.8244096234987,8.35476999645879
10.3453634159643,11.9593422849902
10.5085326301007,8.13268790858261
10.0093447023709,11.5281257138927
10.7595641383941,12.6047272312676
9.76606745307714,12.0307652392751
9.52909462714446,11.9520880897197
6.99744117591708,11.2656944636502
12.4462117726387,11.0740303707027
8.8180740823471,12.0014151927353
11.6762387932119,8.51295090747217
8.81349086026086,11.6364205744881
12.530355425316,8.26176205959589
8.19128838587089,7.32938190315609
8.98956934427388,9.42905041322222
9.82897235072538,11.2512305559684
10.0797745980014,11.6089529871475
11.3833153401332,12.9956846531454
13.206952853497,8.34510020987378
11.6706017635082,11.1198341067557
9.79271324109864,12.2031850713367
9.82551733364559,7.54936979416726
6.35513892611571,8.55861708171918
11.0412043342122,11.5262516167134
11.3169010810628,10.8526579937816
13.0694940977173,11.4483623956422
8.78229381594629,11.4285559028431
7.49994842878321,7.95769955158404
10.1008675766875,12.1054572674858
8.36596496279744,10.4762627294228
7.5896781877159,12.1161223665835
8.37558256381694,8.44309133600819
9.74611919344416,12.5862879915756
10.8519655024974,8.09994145938054
11.0525932958987,8.40957331924466
11.6812721823209,8.22929747154747
9.753832661069,8.69263845030479
7.60956516796621,12.5516996181565
10.5957978198774,11.2542394510665
10.539946066705,12.6845458806472
9.02534818167509,11.4895126919309
9.56479494187932,12.2210129957263
9.64926981292548,8.90571248891363
10.6572447734505,7.88641436392536
7.48026734707076,12.2179431353676
10.2368968269128,11.3316030782576
12.5794167154372,12.4560580079697
6.75095008774208,6.69823044231055
8.7497430681084,7.47721719078589
11.7969611314045,7.43696120160583
15.3972807111875,12.0314321596675
9.04797745634399,8.46308088867588
11.536141801172,11.3814448301618
6.79726511851136,12.0782498927296
8.20845157196653,11.316956797655
10.0687905325068,11.836530068727
6.63284224154175,9.24508614043092
11.1965612575594,7.62699702524173
13.158937582257,8.52346713524072
6.57396126505088,13.0112685552029
12.9175403848484,8.66060598651973
7.7370227103475,8.52102148845448
7.57380332029819,12.609789845383
7.60713780679621,12.1715068748761
10.2829031267176,11.7250699809166
9.21233513573786,8.12429426805313
9.87608340764399,8.01709453894502
9.42439827146593,12.9180521929682
8.34971158745692,9.65614019780366
10.6943364340905,8.13323681435432
8.15981410952425,8.38492746797695
9.4253270689158,9.08487067708299
8.89773941689183,11.1383013665099
11.6972912799912,8.84189031770553
12.6070260050833,12.3840230700311
8.94273336736467,7.25598790913025
11.5259013183051,7.91925402421977
13.5806208639422,11.1074196558602
11.0313068651348,8.28742385747567
11.0199126531989,8.29559776957108
11.7550695103609,7.11332087046532
9.38968123909951,7.17479824669149
8.00275794531469,12.0335163431132
11.5594348863625,7.45947437200598
9.59508834100269,11.622115693804
10.1153853099716,8.89481778064794
8.43109213022796,11.5854814177205
5.39044290511758,12.7677977938845
11.4116903708722,12.3169091702861
10.5705405777296,7.74866331249476
9.62956166189293,11.4983058219497
6.93428645238872,7.31287524331217
10.0660065534824,12.0387838115028
8.62026904511385,9.14885029230769
8.67925798503432,11.5314105895972
11.7777212776406,7.31531615477825
11.7572178931947,11.5231392650106
10.733969544825,8.34990751886062
9.38996650034507,12.0899255476
10.1687739704878,8.42926313538572
9.36442597759484,11.5201004674833
8.23450313148714,7.3173340216366
9.15973630617001,7.73247235490495
10.4235446463115,8.13946503036335
10.3574851367695,10.5937027207435
10.3198221197634,11.6029106122885
14.6804455607387,7.42597876181752
5.83271221973542,8.9028833663937
6.68250673834554,10.9149043569676
11.1730284057243,7.20961872774779
9.98323568266166,6.90287744933545
10.5268160241918,8.84511526541728
8.27604877014363,9.13867105827433
6.34707679986625,7.07392145713709
10.3153693851874,11.299511289659
10.915656180987,11.1596129777299
6.37704458002578,7.84558400290375
12.3398483025893,7.51394541269427
12.7260731085057,12.7090385385422
9.50211445204538,8.00532776010998
12.1987289242401,8.18651390130221
9.78489701487231,11.4803325709526
10.1788678480655,7.46987895470887
11.2126546392298,11.802843311243
9.8390490712175,7.9425420760246
11.6217842578875,7.76797203831221
8.95862938651965,8.06021389330685
7.376546345868,12.1274721529878
10.2785379341282,11.0353044295112
14.1005626554673,8.27525584387687
10.8160602896207,12.0789944932271
10.4100067012755,7.81022592843594
5.49426256200143,8.56697001181003
8.86919251366439,7.36837565356352
11.9004271117242,9.24723101327872
9.25439038362006,8.33111005474766
9.701574714201,11.6067383685041
9.81556461287978,9.5545472900696
8.85100675994262,11.302989476422
6.07754671901717,7.9450611982574
11.9426507505298,13.4297354301509
8.57360176949764,7.74958290286073
6.97364109210192,11.6256649881654
8.62575212436255,10.9991705691923
10.0236790816945,8.75526978305122
9.76713004297661,9.6281569286996
9.91554499693214,11.9290628318807
11.524591680896,7.59456860197274
8.54780981187128,11.4436483936563
9.86440550597429,8.04755448056474
7.47784159493563,12.5890802445405
10.4137840802216,11.5287761613349
12.7288212993415,7.70703480108428
12.2819157416329,7.27671591951598
11.7575592314694,11.1053822114088
11.6196058287373,8.98499368735768
11.8046758002193,8.18424352977773
12.7687607499256,7.89713447658457
7.70104235951495,8.16637082187033
16.082740116418,12.4342230696494
10.6167450536066,12.1966268393252
15.2796172598441,11.6013046230884
14.3175040726633,6.25201290993347
12.0510956408728,11.9582676750008
8.574727841949,8.13732196822927
11.0951044960082,11.6275675871415
9.81759177955668,11.7442708839791
9.83055948088923,8.85763214313392
15.657837601674,8.04904957393695
10.7734802201038,8.25167634045203
10.0715059423018,8.30534272206968
10.1906468484366,12.3305803498231
6.24745304692088,8.35896572190854
8.32663989961043,11.6615685200711
6.81803699705648,11.734556094879
11.3592184002036,11.9351268092319
10.0788066051511,11.4109989622549
7.73778843557897,11.627779072453
13.0849256634628,12.4788472413541
11.9587658580301,10.9153193611993
10.9593266565943,8.37128456224661
11.2800662397199,9.17813760035691
7.73369138857139,12.0339682890936
9.25823044191294,7.58685656960883
10.8923657380437,7.62880050590989
7.80371379488086,9.07932466057691
15.4222296224165,7.3946607009687
12.6509121353518,11.5052722518829
12.2518041158285,8.46308304122531
10.1081278993016,11.3387913551961
7.16546448510437,12.0022248382715
12.2315683311464,11.0770213317008
12.8537565645476,8.39676813801892
10.6355942050211,8.3313735602184
9.00745317791274,12.2543307892173
11.1993938093007,12.2534452730126
10.9468510265535,9.78023373153753
8.42134517411473,7.21947376016592
8.7801894214821,8.68320708243782
10.4393282737571,12.5678029310891
11.9848948824087,8.1482191686568
14.5208443494478,11.895034184641
7.77028672760988,11.2098566610651
8.85536055193934,7.73681707073601
12.7054017336128,11.2600871526167
10.2157374591247,8.33721008166337
11.2668645073001,10.5605821032106
8.24030134398435,12.2041747105993
9.3342272452879,11.8413932946888
10.6499851499869,12.4340766795641
8.12316916827,8.63627342332911
12.4263030718988,12.2383684152438
7.46236066121549,11.3024986982686
11.68031164833,7.63129413731409
10.3302671749583,8.80806341773301
7.37007463757299,11.88410015373
13.412077547775,11.1899563519962
10.3550073669762,7.72754722326046
9.21324493645857,11.6885973987496
11.1566120720623,12.0133842901894
9.61647618143349,11.760599484663
9.4355514517622,11.9412366254216
8.63287685104431,8.61352020675899
11.16038935906,7.96084410163168
7.86012884835024,8.94345877434982
10.2942393515244,12.2203073955318
9.64647140136386,11.8635802272435
9.31645062074063,11.5136440799823
11.3550584975424,11.5221424700502
10.8416704684844,11.656132422685
9.49636257616041,8.75565709368817
11.0503778261557,12.1703318160813
6.69450080900018,11.1298899866439
8.07465920802174,8.47353197665795
10.1700493484654,11.6179479761958
13.0380913045576,7.4939076335549
7.67766405263315,7.26267517653292
6.78012413032873,12.5190360355304
10.172589204249,11.1554066779647
10.0215647736501,8.28545780895642
7.16260757221635,7.01727809654255
10.0000296837656,7.91329055144908
9.44133921781657,8.52410377903523
10.3469685922555,7.60594817679597
7.8587251207648,8.44041274685665
8.83357890691076,12.8287897258116
8.64386156682724,11.5868642959804
12.2919766745109,11.7181663452472
8.97126579730664,7.58436679127333
9.25989680553009,8.04797804341953
6.32315514839758,7.94829396669232
10.0868351695732,7.90190098199231
8.75272836822412,8.11581945147212
11.7669325477242,8.09850983809238
11.9896621254795,7.77030216566433
9.23712534028249,11.9339647040009
7.00479899392948,8.0245239506756
9.2904869531701,11.6524355940879
9.99360619139792,11.9897574886433
8.1351522147546,11.9845049286339
8.66117772138324,7.58554362389965
10.9346313904466,11.8886654383416
12.8871542731562,7.84517150062326
7.46415975154728,12.3142571954746
8.89439195429758,7.41244222696454
5.49526991597083,7.7420529590497
11.5782904174163,8.06684247284089
11.2616074862591,7.73274845248177
11.8309228062907,11.9546388372471
10.0435551983947,8.08865025813333
8.922615244735,12.5477993495169
5.93423678917392,8.99619133708744
11.2708193641862,11.7896356747224
12.4358925228136,11.5658119945719
11.2759323705319,13.2390352649137
8.73020397244834,11.3832469390887
8.4729552819048,8.72225242012109
9.79601856011076,8.01175597078698
9.86920898493273,12.468370132685
10.8429904266253,13.2631045042963
12.4873816690054,11.8834858951257
12.2282511294577,11.5560008867782
10.7040152813876,8.4360597413723
7.81164606939792,11.8853704057765
8.29575559489963,11.1623031684731
7.64670658579724,8.80596475824422
12.1030304967398,12.4262022719658
6.71659862127324,12.7030111425739
8.00135588877109,6.17338553606077
10.3943621049673,8.20373208591912
11.7171454943233,10.6230601164968
10.7585376292788,7.68048623875788
11.3825452424858,11.9398340882083
9.3342666410797,8.06077733732641
8.59506629073701,12.1587433049424
6.56345622270952,7.80049971127213
9.89328116653541,11.7019363954798
12.6606600377817,8.01192348060333
10.3688664483884,7.40820565791678
12.8087471014045,8.02842652540362
10.8797193439776,8.2989396663316
10.4313599393846,12.3910259953985
8.32087211915305,8.57181555787588
10.3460764013299,7.67761757329702
8.02939385596149,7.89826848062291
12.2097600853041,7.22905516726765
7.98617826968097,12.2535395482268
8.78846947181323,10.6961003481959
12.4726384902723,11.7121968020717
8.66412343140616,12.9069111007208
12.2380954955309,12.2869798333169
9.65411322407311,7.80168503146852
9.25005532584278,7.77695027723249
9.2745516838087,7.0241194745932
11.759404674763,8.78594268676603
6.99752609304167,12.5176630549987
7.01978142592414,8.66529341675374
11.0548697299499,11.9593951780525
12.5034082621821,7.40875710413021
14.1649454715697,12.1421447184736
11.6515387116452,10.8661989580215
11.6628854945988,12.2427772609483
12.2453177641897,12.4626239439884
8.58948148959512,8.03824376116118
9.65783070594435,9.07621396391553
10.2686019206505,11.9568765969979
9.89186326330042,8.26465928901069
13.0103431505805,8.60532378470947
12.4542751437784,11.3132225841769
12.9585952168191,8.56048137390323
12.412624106554,8.89519226465926
12.2167071014604,11.5235747834517
7.00123438803036,11.5412224492587
11.2197995123631,8.5439148944861
6.35769695184617,8.24531000723174
10.1556407159668,8.83846572907123
10.9564826403823,8.06570447070418
8.51961416353168,11.3900305475645
12.8889559576381,7.468906472946
10.6477075570285,12.0156910925061
9.28783157032987,7.96119243773954
11.1042742144933,8.07221877036238
10.8983502390955,12.0098213999137
12.461482668047,11.8149001391396
11.9303092322651,12.1889196553703
13.1233692042251,12.2915270861833
9.36777611591019,13.3947529978797
8.1653586782545,11.4979856203641
13.1144430085912,11.5099363799675
9.20106355500351,11.532985413703
10.8843109258916,8.43542941284239
11.5624184702038,11.6978837426593
7.04067997123744,8.11104085560667
11.028193014443,12.1269863041048
8.35000756665631,12.3195073670246
8.2681244607292,9.06397045995661
15.1601556987616,7.29958269401761
6.79343864225718,8.64918428642246
8.13568860953655,12.1701452016023
6.73167073303932,8.13952626688861
12.2905239832842,10.8576818586338
8.25345904123215,7.65458421958861
9.68475441269987,12.2424274840576
11.0238164154131,12.0740620522821
12.3695486202695,11.741473551695
13.3252498802648,12.3161420956347
7.11992666466129,13.1107975088239
10.1436762085172,11.312898413896
13.2005225492358,12.2361922834369
12.1804856502361,12.9412684538223
11.0590998660672,11.447217409061
10.8797381043404,11.598273690958
14.3887956778073,10.5291953114701
12.4251962351638,8.40817249256301
8.83333957530146,8.0469883894977
9.75460640252698,7.99541935616303
7.76854354240646,8.32644777429298
9.50954246177312,8.04310636543085
9.33040555701784,10.7112571261656
7.43467398865728,7.77308520265638
11.5920875841536,12.0578016606151
11.6469127992203,11.8733214946266
13.5776054033315,7.95639313421825
11.9511487368947,8.20513826592425
10.8240504053728,12.2670843928769
13.9498746666831,12.374353445515
8.09771414276382,7.83630573535287
11.1359047062756,11.8679396298114
9.11601680106785,8.43592551567778
6.47593982062957,11.0429581770454
6.47634775786761,8.38637873970446
9.60138722850854,10.8433323356385
10.9493853545435,12.2718412963502
10.7199907711777,12.9629703683208
9.73526294555823,11.0570673811124
10.2421568821122,11.4914380907613
9.9236123730461,8.70323587865416
8.25418805449077,8.3287088606011
8.40578431111639,10.9545672548658
10.6469420504221,11.1678581792839
13.3121166305866,10.9933565002254
10.1275003022155,8.83183193435618
14.5059789729153,9.05370396218068
8.1122653017432,8.49632386891077
10.6863560486416,12.6021070515689
10.3682390787465,8.28023179685298
9.52048259993066,11.1626818884004
11.7036112644752,8.00581532361732
7.46207749737668,12.3072085042951
9.70229211673445,7.74828233941498
10.0468777119236,8.17799994717856
11.7212652705559,7.77107441880111
8.40145203945857,7.49563203850563
4.32693455660511,8.27906500759993
12.1444917279018,7.59769501147735
11.948277266537,8.5779831074751
12.1077111544752,8.47068610344708
9.58119017230573,11.7654618462764
4.93216246428883,7.66513233327405
10.6487627556818,11.1082089363742
13.0584618692867,7.1302650258749
9.0099489212549,12.9476916570008
8.50015889704218,8.40541268009156
9.92379877929157,12.6887665538941
10.3073983596802,8.69866687700633
9.44062959102764,12.3903794292502
11.4774420700092,11.6540189705903
12.4810971852974,12.2854428910062
8.44075589588046,12.2183028182094
10.5300991788974,7.37468955274931
10.1182890527912,11.1846400130425
7.72031323467816,11.6108558945686
12.8104835799987,12.6232827224092
10.8220276663433,10.99435363835
12.2659866507317,11.9710462141056
8.9132768688491,10.9288079882474
9.57457644741152,12.8734455270019
9.5221480133846,12.4292307007765
11.1776942168111,8.68226189529011
10.4765450525041,11.9534760147746
12.7371714657547,9.32696936096135
9.35309520331464,6.78145758108087
9.58839478414288,12.1549299268767
8.41978385524029,8.9073298040651
9.39827959553483,11.1578984847747
9.20238469422442,7.31682143651202
13.6194086122576,9.42989073281678
7.76863810668108,7.70969705685909
12.0734228608752,7.3479236165772
12.3471491662599,11.8352313112035
8.26509862764607,7.94756174680446
8.52727256249813,12.20887295269
9.26361218261326,8.3198081504215
11.2566479208087,7.28185968032706
9.16559711308953,8.02884553332738
7.8079842407062,12.1582293473051
12.2976595241674,11.6799048209865
10.2203924289736,7.4067820424157
7.64953012294211,8.13291881787512
11.676176694178,7.10966788775769
9.65657751677362,10.9495459431336
10.2904827956049,11.2343192829588
9.03981419656639,7.92377764512616
11.7410512779952,7.57709755564213
8.53918267951791,12.1940524277048
9.58097988068296,8.63014703228084
12.1311831860493,12.9184143072177
12.9546664967227,7.24106652411831
8.61552768842659,8.43401882729593
10.6748617154882,11.4479120931907
7.32269065989954,12.9478575839847
8.97802830313015,9.49263834195496
11.5479639212396,7.95119997272973
7.45692121855143,12.2869346859863
10.1259349460858,7.80273554219172
10.2444056230474,8.76820388882081
11.2507653625604,8.61406443638762
8.31846977476818,9.03841236149672
8.87152921235019,10.8462782781416
12.1102949329333,7.60903602754015
9.09830756413937,8.23277375462067
10.3763872508684,11.969743079084
12.0652641693542,8.50947343444606
8.89062572156556,8.23808730411811
10.2376989838131,12.0190381365119
9.81222581845975,8.83491138825946
7.41835841617351,7.09881657355433
9.20766220159888,10.9738115424904
13.3615522273715,12.1882680436627
12.734147889765,6.84197481349841
9.99726889788696,10.7953319591496
6.63477592028931,12.6640540067683
11.5879335706042,10.2170487765841
7.81668376261385,12.0060721216452
9.37881121618006,11.9154916286073
8.04509053297668,8.09219673297481
9.82793677169963,7.28403174794985
9.93204491596236,6.73427668392134
8.40646163302639,8.00267240131346
10.984513275373,12.1624235837821
7.92253502378886,8.22320869594354
10.8847249444283,11.8595303408862
8.37282039674397,12.6118701697166
10.6440201370302,11.5900381578266
10.4864824177473,8.44704317805802
6.85191734132444,8.89324854455348
9.48200264087943,11.332905038505
7.9307257105083,8.59509853317778
8.53591730088387,11.3350701002877
10.8589444342415,8.44933807288185
8.45261059259149,11.654639262117
11.0933909151541,7.69776075237582
9.13819014213002,12.0326776226955
11.632483912911,12.3612653082483
11.6181690638342,8.35208296636917
12.8600230003626,7.87797701756716
17.121549154607,11.8977707143913
10.4670064669127,7.33502734996133
11.2874144025131,11.1217349532362
11.982546950833,10.9233769223413
12.8816926512242,8.52401992460561
12.1751092665788,11.6466930116581
7.3953832925631,7.9132367526456
10.1655741334148,8.29419755601813
11.9231034250054,12.5951916327598
12.675067071879,8.64843013856225
9.38200332340422,11.1868161842063
10.2250654586004,12.8639515508547
5.99721099822791,7.86917646794269
8.01542009912943,9.02524929536875
13.8174828750233,12.12672867206
7.96766886584187,9.96154588295273
12.2475252595927,8.39843354781669
8.91840028251545,9.13114401467658
9.81262619343373,11.6110179546941
9.86848268434464,12.2198007057092
8.79174604697323,12.701598571157
7.42617852533827,12.5031191297417
12.0760875272876,7.26367552330848
8.0900969794488,12.6986115868903
9.63341268344174,9.48655276997123
9.62406206774247,11.5196416159545
12.0849269589,12.1933212413886
9.02132473175387,11.2354682003661
11.0722055914363,8.19072926003284
10.1063108581248,8.46594279949843
9.48931688395599,7.75960027299664
11.241163042383,10.8385330298941
6.92254030260042,12.5590504896023
9.99925302008367,12.44187318834
9.35989674452711,12.8716975302034
10.7468127743266,8.87856991583982
7.91641038414034,8.34398954571505
10.861436620008,7.44246368463363
8.28336167441035,8.95088462898665
9.67005850758638,11.1827224495825
10.936926905827,8.89292159518697
10.560058987229,11.2071871206606
8.4151570262173,13.1649319119852
4.99036435620573,11.6562706244221
12.0578697161906,6.84468874511531
10.8345510481755,12.1386957358045
11.0242016120153,8.40412784194143
11.3207999065871,12.3164428150019
13.767611273962,12.1374290900787
10.4444089404362,11.7730829635503
10.5000577235983,11.9542193794575
10.3029145994833,11.5084798558172
9.08520711384852,8.18491982003313
9.8619350244368,8.38789299969154
9.40122897357815,10.4664380123768
9.08618789049048,11.4548711427287
11.3891258848353,7.14610928232139
10.2831591422568,9.65432408017677
8.19846723143005,12.4096240171743
9.81537978876761,8.66357591487088
7.10416932970455,12.0259574104882
8.51099358493991,7.7753180547907
10.8932270620142,12.059999510091
11.6317481535645,8.13933687737947
11.490561864382,11.4783592711231
10.8787727981858,11.5840599872145
11.2065709351664,10.9644708949692
13.7748248098792,7.60631907275644
8.67442878794398,8.64039666028876
10.8043545852359,7.71969009567663
13.7430683406095,12.1177503322812
6.97187479632883,8.13122667303769
10.1846275065342,9.32003751264009
10.1657480667682,12.3464549926638
9.14308107348554,8.3442006638236
7.13791111858669,7.77431050929191
10.7289527099336,7.202039289733
10.087385751593,8.44597883580257
7.27573718328635,12.5711670556074
7.99549976855237,12.1511887484229
10.3773048234725,8.80942726129718
11.9758789531255,10.7022196379423
9.01700931830043,11.9314644771752
10.9362897932009,8.00438534200499
7.74483056536513,7.3227410178455
9.2900818343151,8.39155516736228
10.5509718396129,7.67138526641914
10.2596594950464,12.2633114554142
6.60842801683635,7.12623480830205
10.2140075905644,11.923794223601
13.891966973324,7.83640868598226
8.45906608984395,7.52912387915252
13.384970548194,8.7155158150943
11.1165266970616,9.21881916006761
14.1327117269796,12.0932957308514
10.007804004218,11.9950637379592
12.5847569670683,7.91133540334415
12.6926949087218,12.7800034633139
10.4145383325486,11.5262449873557
13.5955876818721,7.5348329196817
9.03384579084423,12.6345151632198
7.28222717929355,8.9119204569453
11.9073446213389,7.50099806035474
13.5657477273067,8.69620490667004
9.55426298377699,11.0796946361034
12.9538436267951,7.30712001254358
10.1432683727798,11.2094083162125
11.5807577099752,8.51241317879253
11.055081823136,8.79597389629101
11.4411956201022,8.47893424103791
10.5870922072719,12.7641070668829
9.82390435483583,7.74357155861998
11.2063177882883,7.55449173876504
6.61613311228024,7.76334105201373
12.1934297251344,8.23886605240812
13.7328101032147,7.68644888048409
8.16006384632073,7.72175949620774
10.7045900043754,12.8987954795954
6.8611231250287,7.5147765005414
7.9267651999128,11.0688394562332
8.22743518840276,12.2692677946898
8.6231546749428,8.24486240841129
9.97693751742205,7.66623670776369
11.5247119034371,7.92715186152628
8.92198464315891,12.9960683851413
11.3662754564963,12.4688252889131
9.21591445627351,8.48318619839563
8.63180661885895,12.1753402462796
9.63535359111917,7.14337529379458
8.97828286249218,8.18794933704625
8.17830889504325,8.50964407247757
8.31668340707368,12.8710551543517
8.13905503984167,11.2583783193878
7.41568131851883,7.50036626134888
9.8694588998786,8.29045038783919
12.7404323407492,12.4833508233273
8.17198544837563,12.1123106101368
9.69735272103402,11.2951799756801
13.2700400025629,8.51015765334204
9.38254001098883,12.2934785792409
11.8380029120715,6.47326795393265
11.5574974272401,8.58586699849478
6.14409219014342,9.01196591823034
8.75493226087035,12.1876100394329
8.63508847079864,12.1239813154392
10.9305069645781,8.44361696041113
12.5847412657761,9.01719176185059
11.8112895984321,8.33213785862823
10.7920562924996,11.8559381219766
6.47768583738647,8.15618983125928
11.2287483914909,7.93302328820154
7.91882046648447,11.4762607885535
7.79122756064638,12.5198326942654
8.5077322044384,12.1858015798333
8.63974535451789,12.6026999765604
12.443385805867,11.8001624357858
8.81384674845532,12.5778651240832
14.0997553675294,11.7894398709011
11.7435644693218,6.98431673043522
9.15302109658213,8.68514106039584
8.10426242938833,7.70255783246083
10.4937080604738,8.03520445814835
9.69292178462606,9.25806555189821
15.9113512284997,11.8760264082393
7.65017647127391,11.4996642953493
12.0643071422134,11.406210458196
9.10591673482657,7.8663967893083
15.0351316946706,12.1399264397758
10.6825832556536,11.7859548099479
10.0196606370728,11.1396440578733
10.438072515994,11.4314734240691
12.416744417219,11.4094238547387
9.69015211096969,11.7103397797544
12.2047524232528,11.3257495680162
13.4970117571357,11.5838274560265
10.4150035601577,8.95608586401586
11.5626738863084,11.3754213024344
8.82614915951319,10.7859080242741
6.4412048387017,8.01994736739748
10.2691874857821,11.8735557714697
9.22785979100339,7.52019434250722
11.8322979057071,7.76566980221841
11.7523374772969,12.292289122173
8.6845133438269,8.06059230760181
7.44678003007944,7.22243357067202
10.9968845779902,11.2266859587154
8.53301905609416,11.7857624301404
10.0520199984069,8.13095042692332
9.94725118380312,7.71384748680497
8.34734912691582,8.77285277851642
8.38138430477435,13.4351637932501
11.6644551649326,7.89314900472571
12.5773166981679,8.11464116618633
7.3826184341924,8.21814158099106
8.78849295764573,11.7467336939813
9.40211070855258,8.4419100650139
11.0476687633765,11.3418910047523
13.9544039665312,7.92960021241458
8.8127382514912,8.80925830308917
10.4465429909553,12.5363799718557
8.33244397485156,9.13973835614834
12.6469956225504,9.20942148310635
10.0492961077375,8.20641544820324
11.3592159629977,7.98135584526468
8.88178702270089,8.75393664352878
14.2455776223885,8.14554092150216
11.7502899831735,12.6298015097147
10.4943741581154,7.17103547839292
12.9818239442326,11.9788321988498
11.6281334631895,7.95780789374083
8.79095996042406,11.0453880731998
9.39403352015006,12.3127074176149
7.26915678384464,11.9228252624507
10.4937918808397,11.3585923703736
9.40330757230278,10.7753231936196
11.2399186801807,8.21735773770993
9.71064944818089,7.35814910262087
10.3394449876714,11.4156857077162
11.5236632292377,11.7925661057275
9.94604164525913,13.0258189116777
9.84865846590414,6.96157559385467
6.32586282708736,7.66902165741812
8.26879286168237,11.9255425588185
10.0428501877933,7.57275771476664
12.5334053934742,11.1113136296241
8.68601359267831,7.22268667943062
11.5064464425731,11.4037396742458
10.8354359197457,8.16015063415819
5.7584115588502,7.42684381468943
10.2229923270605,12.3730834383954
9.47510862666765,12.3691282288864
9.89834002988121,10.8984964873219
12.7738806031036,8.67231993092617
6.37139249846486,7.88112289893067
11.5719703827505,12.2061606010847
6.90981649966396,11.5714062724107
11.051417308531,11.6325569362986
11.9937978304952,12.173235725203
10.9582329203579,11.4515709138473
9.64065589634921,8.04369849870675
14.346288978293,11.7456745580492
9.61157148856956,11.8774016466005
8.06873819284685,11.9554613796491
13.9258121121659,7.61362016839799
11.3512214971039,8.73199260146183
6.70048000472487,11.634936742598
9.4796239635417,11.3470109305124
8.10785952286908,12.5047440622677
12.542734872537,12.0753032963458
8.91022324561014,11.8045453684766
11.3602008663672,7.98501099122655
9.87274741812311,12.3381386570175
9.83908546826042,8.32732693184896
10.9184629082145,12.2597350325907
9.32546494937486,8.04561656617767
9.46561252624694,12.4835717960111
10.002177412691,7.88666481550854
7.9976388278314,11.8671373346447
5.3649346753887,8.44684754504843
7.92875914476275,8.17238032718477
13.3040022635316,12.766643598426
12.5153374733047,11.337470747966
12.3490467808828,12.1729122213208
9.5151942426717,9.40092309275801
10.392525308282,7.64928899319364
7.25832992760671,8.58778258427895
10.9960254668047,11.5566989367437
6.64213266066484,11.7402408433301
8.62351358783437,12.4355538283455
9.71737476964462,7.58648485916632
10.9829316322326,7.99841379447748
9.87686353062641,12.6623952324506
9.43234021062063,11.3604574133495
9.89404233700311,12.2894084147952
6.46640196152664,12.1071446198976
7.24174764876597,6.79972973494251
8.46465059661254,13.1802631677851
8.5551245267501,7.69788050160571
9.4822669197263,10.9186690813674
11.1251888346602,7.55910495723543
9.83767860005626,8.28452042484758
8.04918768901994,7.88604242692257
10.5954785562683,9.79933924433421
11.441464818379,8.13957774482687
7.65485248250609,11.55647608444
10.0804711654059,11.340046521523
13.0989626793382,8.58520481813597
7.7672599264866,8.29316188759752
10.9558114638781,12.4334444645259
8.49481275443344,12.0157906576158
7.79506541999621,11.2955438745403
10.2276487804943,7.34379673976107
13.6179135625144,11.7585697538994
9.51500837455399,7.18359396629804
6.41369625227686,11.6603260367484
8.07625884906887,11.4294121480752
8.48999071337099,10.921720289481
9.22524522629201,8.67228763855254
8.90344424430246,12.3091761414931
9.15613168038021,7.68400838413427
12.1947956084235,11.9844687698551
12.0976261451075,6.68812983477644
8.8742453356519,12.052027313322
10.610074498926,11.3966805828236
12.3786928962323,12.032187241325
10.6686037833244,11.8529649422461
10.056641828819,12.0399556206319
12.6029653469973,7.28877601430012
9.00391906214713,7.86482668642941
8.88125408589101,8.34554873918555
10.841050075172,10.6902271516063
8.03992072151561,8.0038222892182
9.67683290837935,8.64150750940294
13.0195345750791,8.33511527195551
14.6442151988781,8.62914206540577
10.2460518064124,11.3002285931718
10.2591990899393,11.8387838939313
6.1466998649399,7.46435901617875
11.363997168598,11.817799370321
7.83820670495567,7.97804195289206
9.79230698194755,11.3220392871269
10.8473805535579,10.0410684273861
7.50645818017485,7.78906586459917
13.5339804653933,11.1548103536165
10.8356951736388,8.55597715758935
12.8485202968845,12.3494623207751
8.76837599566098,6.99638805502902
8.46061667037829,11.7651350645886
13.993143872137,13.1736287847782
10.2547773365977,7.98280905609883
10.7924296190398,8.71543851959663
13.2682489836805,12.0442451577799
10.0030293585593,11.6794725557147
10.732090987495,12.8602258266002
11.3188056065834,12.33752949928
7.51073127502455,12.0590493923057
9.72308537952198,11.7030557998444
8.50853585566008,8.94384408883764
13.4508963181395,7.60166387998584
9.31437701891778,7.47865472929667
11.1909757168491,12.4421399953581
9.91622496909893,11.713858196741
11.0095246316051,8.72253181869015
10.5554506601939,12.4232263295076
11.0383781772105,11.1733323380866
9.07661194210595,7.41918570896789
10.0542123659407,8.98731142208872
8.21786786181109,8.51189455390318
9.04016206461913,11.9618621633623
11.7990442484767,12.2374991735979
10.6338758776849,8.79617952187703
9.9506088553208,8.90892006291869
9.26261404909259,7.41491089709996
7.92888446906929,9.45180841046093
12.2847158448032,11.400079673299
9.85995150123778,11.782804023539
10.300115841958,9.77262096609093
13.1724190821285,12.7975498447238
9.63342655493836,8.76148161459129
11.8914078319711,12.8760859289458
6.30672578619045,7.17161808753249
11.4921627991607,8.88243062839527
12.6977264741992,11.7322830050318
9.25740681420822,12.4126952619368
11.3076068739064,8.09110726827443
10.1641662241299,7.84683865116969
9.78006192850172,12.9901516437977
10.7475687872549,12.9496274518626
11.9291077313769,8.54685643334474
11.4893630239046,8.98789359288618
9.15607263043154,11.0665864520564
9.72501748887983,8.28178454988035
6.49718510699364,6.62803455272705
10.8063889614044,11.9746820657196
11.3642767194621,11.6372299755254
9.2549077685471,7.21865419224011
9.68311908724258,7.57206663381982
9.67312954759334,11.5182722421881
10.0837829776587,10.5802032717811
10.2795463641695,11.4315653436562
13.5417725608457,12.3542612583105
14.5000259033752,8.22903302561678
8.79122263340096,8.6537034710966
11.7114662078254,12.1233462959854
12.7967854229331,12.1952694686643
9.35451673125864,8.50149909826616
12.6296399895572,11.3311113396072
11.5040199812126,11.4873544620913
12.2439629463231,11.515210429802
14.3714789453265,8.16415834361934
10.5742739749268,11.5557947961738
11.5525781090727,11.8631519020946
11.5466658900177,6.87203033602529
10.9074017820995,7.19203524611215
7.97187780173936,11.0080086226091
12.7440022000868,11.2524602523315
11.7515930905195,10.6734809595524
10.6350651254385,12.561743572808
14.0990100340901,8.17604501218209
9.21780749961738,12.4561017895574
8.84102463778635,11.3877668864144
10.8330575138849,12.1110963943591
6.80566820201495,6.79571839522385
9.66419071599183,7.11515816088224
10.1229295349217,11.859371211873
12.832793780506,7.99829621113185
7.82115216155862,11.9355548942722
10.045248460385,7.24731661780829
8.10060960231776,11.6941625350761
12.0246769143421,8.15720163183129
10.9264453552771,12.1033658109643
6.41843017887639,7.7116636284664
8.60258716900622,7.24545294887097
12.619696140177,12.4752902502433
11.481223437413,8.05215238563191
9.84464913206095,12.0405605904206
10.7740483993723,10.7348623556866
10.5323157506212,13.1600291136625
11.6587744083138,7.4533618147552
11.4411431974349,12.4015673502395
7.70865655727713,7.36543013674204
11.8744495501038,7.70889679457232
9.54461589512307,12.1481154613703
12.5916318245803,12.0374932300406
10.502821652212,12.242051265689
9.59893179830895,11.9788437555259
7.69994159012554,11.7952504981246
9.62530840262702,8.67212849924015
10.2425815780555,11.8330903224173
10.5317286932215,7.4245472986031
10.9956309443778,9.25738345443806
10.1889256129785,8.62352373717375
11.5940919731293,8.32516936089908
12.3844484517596,9.29574072830392
9.56417682586423,7.46720135930226
10.9938525894175,7.30687730457952
10.8140445360902,8.91110705120527
8.5843181244661,11.2729066444902
10.1732526349719,10.9536762797774
9.61478290744417,9.14541857566188
12.4080144496214,11.9638961100024
9.80527225517112,8.55065589303702
10.5771125510434,11.2225461290426
10.8907284788191,8.33925215053671
12.1924656426032,12.2274634421678
13.0387473703383,8.52990480560633
5.24407794651805,7.12479805164713
9.5535375602397,12.4201954074251
9.82527845797803,11.8315002161407
7.86737556250506,8.91414351160998
11.7689347953137,8.64109540213273
11.1739161888751,12.0801333763986
7.73999928597333,8.40338094814281
8.36354419564709,8.54747449885967
10.1721175475119,8.22097007027666
7.73437378854092,11.8487817581508
10.8274892983713,8.06023402991164
7.29161648295232,7.51967848100845
9.0542455667284,12.077525904818
12.9508061115946,12.7688317481121
14.9765495729252,13.5979093446724
11.3344497047113,8.60218297461035
11.7827057917034,12.6795623577852
13.4612075895245,12.4283608818395
10.8421457803038,10.8723895484038
8.35180152791933,11.4543442527533
9.4094012400101,8.21020751691964
8.8758484483693,6.77699775086273
7.9399631051464,8.59303749716849
6.52150947810882,12.267711799254
10.2250285028207,7.31733069156081
9.28652805043281,8.1918194676706
10.3995475371946,11.3290851984029
7.46251984367452,11.6674440092485
11.366483222521,9.0031275192059
10.5469350583829,7.63162935399118
8.96678891417105,8.96887312226541
9.86181592650553,7.86461342389573
9.42543618749962,8.12000959535832
10.5284502185584,8.665746613753
7.65107117713166,10.8158153457166
10.9495277113061,11.6220814133361
7.99815032113455,8.28547305566191
11.8158294514987,11.7277822699261
12.4619616960123,11.5671972117014
9.22830803192602,8.11420536583038
11.7493780579337,12.3574090180343
10.0713924417063,11.735444612488
5.83203252017885,12.3701685799758
10.5337595385242,7.83324687786202
8.16469855398968,10.5401949120886
7.8489623681064,8.88266716593575
12.7197989197096,12.9586012445139
9.60749278535443,11.7427214437716
13.5236600258378,8.10788077521096
9.01800955331693,7.74307966288257
9.60947830264935,12.3303720002955
9.88107263132959,6.95468121439357
9.05687496713973,8.13029689428285
8.88023221572152,11.2370751388013
10.8689480638991,8.0465108410304
7.92374017705982,8.7016093269701
11.978409061384,8.92867137158796
6.06670047281621,8.13650154761132
7.5008476931249,12.502027960855
8.15552797439046,11.7035189699658
9.48105842904669,8.16707672494005
10.5754836979159,11.9361022260543
6.545937539296,12.7743772218588
9.61606043289332,8.88309656785959
9.09647309782561,8.39748248305362
12.5885037442256,7.92059120006544
12.1658352932895,10.9219921138928
10.704654652903,11.9264606776759
8.15328924370671,8.2680817385906
8.03347410913639,9.25582533466209
8.74449553467997,11.053555571327
12.0383300885361,8.50831185845218
12.4754701886107,7.35787041697726
10.2970224609707,12.0355426428453
7.75948912678149,7.84844772353748
10.8763953355989,7.86799108857378
8.74471935163555,11.7721840188479
9.80060653192749,9.64847380478741
8.74843402761783,6.7352128255736
9.97514452813335,7.66587955364562
10.6200209658032,11.1808190908784
9.79399148994492,12.6068628143325
9.24803572044555,8.27015840155269
9.77192160985385,9.57810092154292
7.46547916615172,12.7797459306603
8.7332139667562,11.2368931815031
8.93971680677888,8.45849781137762
10.3146423619237,6.79113348049401
6.56930235990095,11.4157424699855
7.86316828457476,7.00084208815291
10.0864204912583,12.4232173197277
9.17710579549034,13.0472534945224
10.967502113962,11.3883922388625
9.18907273488719,8.26162408888646
9.86097832091876,11.4918763199391
10.2613338922054,7.88283666459158
7.97126505462421,8.14994610751413
9.06868211640346,11.1422456939436
9.50737287057451,10.9039355388338
7.63462910636346,7.8460926683374
9.72066815551023,12.1436145095818
9.28867345975684,7.08497811063531
10.4556115352276,12.9612257419998
8.87731298931614,13.0700413696516
9.25752489708032,12.3267255480034
9.54350189787078,11.8447871091741
10.0467838184885,11.6126496956466
9.59019667503643,12.5041463030451
7.90119680017417,8.46811313238761
10.0337782045448,7.33120227471604
9.38731419978071,10.979041753287
10.3238033485858,13.1707388974462
8.96517054672397,11.152779700418
10.7866964783943,12.1841153304014
13.8565855825511,7.70850965201589
9.84209724456706,8.83518488538092
12.5535355386826,8.03779476598085
9.74982029345848,8.5166673874746
9.33069686636058,11.7981505320503
6.77177129679874,7.76237249812453
7.50383325064153,7.7483160431892
13.4563858985645,8.50854213209007
14.5965883732045,8.91356074757708
9.21734139488245,12.2954051458835
9.36102127643803,8.06294136530767
7.40305465813639,7.93879281201282
11.6848195156017,11.9900969228745
10.1275930909183,8.96208821359612
9.25730170818974,12.1279097731604
7.36549328890161,11.8314528093578
11.9732012913791,10.5635700917968
10.2813671845461,12.0088916176326
10.9440895039497,6.3330150483458
10.0489141457056,12.1127587568636
12.246075253589,8.19383488773707
9.74002594041679,12.0553531133064
10.8864998344407,7.80334890415948
10.7412893398398,7.21209224707953
8.9325474827783,11.7858359750063
8.83172503691148,11.0407259161218
6.26536281251398,11.9016369670926
12.6427226853401,8.70963188329181
7.79310512747009,11.8672020736728
7.81748168649605,11.8579490737279
9.41806702852402,8.19451014682587
8.87919324548116,11.4686718431766
11.8059626840143,11.9960976322694
10.1638607179472,12.6241847250533
11.2928663390535,8.93217670810486
8.78235362354575,8.31845596558741
6.76212946790776,8.32396781967096
11.9001520100549,8.14500049852647
8.20280339118295,9.07247899158121
12.2349016412784,12.8658025596405
10.583757369632,7.71978501282873
7.36759355982222,12.3606462980193
10.079714677223,8.57382181832528
9.05296731964835,11.8188932686499
9.01335314643137,7.21731426649952
7.84493059359533,12.4592742931988
9.63864703190403,12.4249462181171
11.8758410391723,8.8937642855721
9.81815035777566,12.161430813693
8.1986471155369,9.12277673827868
9.34161453418607,7.979627621743
9.18135908241188,8.36134441601449
9.88618762619114,7.52611268814025
7.44794011800721,8.7895694604176
9.94481450135421,10.8111175656635
8.08502774890688,8.66951112243293
12.137119254606,7.75755936159393
9.66480469801866,10.9678691558954
9.17245750615244,10.6713020840691
6.90513975155328,8.30521738420832
13.0157135783663,8.55066565520555
10.5500072594453,11.3384712204402
10.5534696267769,7.10935048878789
8.79694516037102,11.8007622683285
9.8249968531691,8.64389437799132
8.37323774181679,12.0311735864143
11.8772353025512,9.50583850681673
10.4046687746832,12.0593238106951
12.419955086307,8.00793593697248
11.4754649862875,7.60494225389681
10.9282179010561,7.95414152978414
6.77720123302007,12.4099789157773
12.1907447547662,11.5627856172707
8.03599417301244,11.6604070116164
10.0832558664831,11.3758805312759
14.7245436978827,12.3193627114073
13.6200226622176,8.34280762345757
16.5899878330824,12.1343840063921
9.14274226517611,8.56342957223627
10.5889551129284,7.7225250716443
6.97321372249333,8.19929574132057
7.25209264476644,8.12164290582866
10.2188840763047,7.03238879630435
10.6972444166177,11.7345169467224
13.3363993307929,11.7334062829955
11.6936139297857,8.31801738775949
12.6808702362639,8.90093603093503
9.71321339346733,12.4154509063569
13.6861869508593,12.8040756118648
8.65740035545036,7.17764841835393
6.28531237960569,7.42039474825575
13.9860861655042,7.95994475526431
5.65869387550408,11.6653817415716
11.6999305560463,11.599031647816
6.54694550155796,11.6221393855886
13.6757005939152,7.42029890473492
8.7476750343408,11.7605296810834
7.47791695300456,8.23543741781612
10.7495917969061,13.0250431262516
9.03171934774824,11.9756459997608
9.19254056144963,8.07546850395244
8.93755270506495,12.1493788261779
10.2674196994813,7.45499986675431
11.1758982363468,8.07813940117463
8.06316816753544,12.8415930360043
7.27795038594376,11.5045811311071
13.3126697602416,7.77476421385874
7.23573323465512,11.7642545614807
13.8058354327523,12.3965228264992
8.99757275925203,12.2450224907475
10.4884209886011,12.0124012786906
9.55509932300039,7.77211306388274
10.9180557231288,11.6761771364799
10.2959255545031,7.64857818127324
7.81195277534548,11.9233944609847
10.6298818661981,12.2953044952314
9.2904105779593,11.8146977012183
11.1033155740145,12.3522590185214
8.8878668210182,9.65835084015971
10.141813273633,8.57681408960063
14.1640421454609,12.5283889597054
9.22183716027839,13.3625421523242
8.63882988639085,11.9488566997211
10.3772467427416,7.45022135660475
9.72290472447926,7.98040555592658
8.16311977796805,11.3715137744299
8.61698987632816,11.9746100426271
12.9877839918912,12.2964025634782
12.5294266590123,10.9695606283251
10.2564683902863,11.5553973061108
8.72984348845066,7.87014798424647
12.1780493166291,8.06528268993693
10.246994758154,7.78936025873329
9.60337981277918,8.27187693377013
11.6604913727556,8.8083995313097
11.4972004386125,11.6247140010448
10.1780014199568,8.79483362725847
11.4529838631669,12.1708687983775
9.97251076271636,7.70084539726051
9.05412638981815,11.5912278140068
13.3108884335418,13.1984058861946
6.16988273593967,12.6408739228561
10.0797570506087,11.4077905700836
8.89339979957378,7.62386480723801
9.05567341239185,12.2942309802574
10.0451961914143,8.39219240602028
8.05183943415065,11.0370076730048
11.2774987060731,11.5615637895463
8.25626279328957,8.15454290613187
12.5829366457098,8.34401629405145
8.95263993770615,10.8488825243101
12.3540515037326,8.34393007604888
10.6117527015392,8.30539647206238
4.60273883535788,12.1644959046506
12.9767826916875,12.0667859271794
13.1402992188433,9.38914161521222
9.16211921402119,7.62153079477505
12.4038830375103,12.3312169358729
11.333664858374,9.83198734192972
11.7325198021853,8.34670850987306
6.78937786402871,7.09547138995195
7.09821511035804,8.37629408744727
7.27602468063854,8.91131491065061
11.9619555992706,12.6996900778052
10.9021106901727,8.84623472246647
13.5460823037474,11.8985649281729
7.61018658017565,12.9759046347661
7.93886260193437,11.0236314071615
11.2582301001736,12.2401052163256
7.65735236766501,12.2907469709049
9.62305556203073,7.65242726094877
9.65603096698453,8.24181292027586
11.7619736897525,11.6990985680335
8.34055031753936,7.42861536556186
10.4383489793899,8.08094894154567
11.6155639466572,12.1767045814645
10.6935937156845,7.63726617899923
12.9375469905495,11.5914029995094
10.0417431315977,11.3332949581152
9.42755689619502,8.67263473418158
10.385560857278,11.9225298922089
8.06042286120876,8.54783262165853
10.8976836441305,8.55102220339673
13.259292382343,11.9536982464464
13.1030093827396,11.728134728968
7.81300625583588,11.7713696084628
8.36776900853652,12.1658546251517
9.26667449820411,11.8510223682077
10.2519815508478,9.00323400541339
10.5915013108617,12.4682261441425
6.46331331173733,11.965190761487
9.37291569874418,11.8251833834219
11.5954351743725,8.43958317446593
11.9812914269721,6.72333872640498
13.2758041177358,8.64309685392392
10.8987132312987,11.1533102089607
8.4283924547028,8.36073315187962
10.2046917480643,12.7944045849674
10.4106424894271,8.00986839838998
11.0936529478806,7.17361286732252
11.8616658581015,7.91562238388256
11.2541930525222,12.0471550403416
6.34400553892254,11.8604453235231
12.0596831129568,7.86028159056939
12.4672124638708,12.1183410497588
12.3969964552433,11.1855871938125
7.84348177776347,7.86351333001931
8.92120916481671,7.31066380898376
10.0742611431778,7.62849248294308
7.71392322647433,11.6278131473649
7.11521676620067,11.9001931578031
13.1277662357999,12.6353447119549
8.77517409655207,7.65057143114422
11.1397008685844,12.3446720253646
11.3391759579428,8.31935617036533
9.6151689843406,12.2891737497057
9.94797178905194,11.6337329978202
5.24083521482398,8.35853313428557
10.6236479891068,7.53169936434164
12.5039415708762,7.93915485688379
9.62605723313225,11.7226423145541
10.4681025934518,11.1436376705908
8.14206011314059,7.50830337265581
12.1945792680986,8.73471285707112
11.2464374902698,6.47970531771045
8.18904812023422,12.9389591067841
10.3128863038493,8.08564974577459
9.07217669015503,11.9100951920357
12.1568569618466,7.58083786385159
8.24797613926113,8.57108896492129
9.93492252656486,7.97546191486773
11.2320030348636,12.5259370325557
11.3160813790807,7.61862746797407
8.71962489250225,12.5423855449913
13.1227074028754,8.44176668446882
12.6228450957206,13.1178486564236
13.4985856897337,8.81020942284042
7.2263425992238,12.1350439040729
9.55748182611058,11.4847265130944
9.3307381396832,7.53208940297683
7.81463984936107,12.4849414170576
6.64199523212114,7.62498345049231
9.50750112436439,7.06589941978732
8.04264247869314,11.4597291586483
7.9235452179993,12.2311348262598
10.1084443284827,11.7478180236362
8.19724310697883,11.3456665339391
6.8841648032562,11.7841387932391
9.87343954951777,12.2504110599106
9.17115324393195,7.55567501403779
12.3638603829582,12.0549217156726
8.39349022496749,12.222151152771
9.00488431079486,8.23396599918575
11.6553054800836,8.94884232808799
7.21413572696241,11.5942777669455
12.2423733856746,8.7125822252251
11.1057800234074,12.9240783152274
9.75345470509614,12.6286085147856
12.2217153355106,12.3547540278214
11.9251466864548,11.5496168754932
10.167378118251,7.72957672348322
10.9497658026198,8.64113767634462
9.63435321384791,8.49394963183141
7.74523217404944,12.1397197821518
7.79750146228554,8.18861509533635
11.5619806013241,11.4077456727164
12.1769494077211,12.3734956799167
11.7149445079607,11.6785761004578
7.80417266639891,8.43585484411188
9.83522713380671,7.768771828622
9.05100427668554,7.59950046557622
10.5200393797295,12.3815314424328
7.88238215667352,11.1661844924402
11.9118271534641,7.53392754315765
12.666017507772,11.8373631641701
10.8641687717532,9.32410409030467
7.85499394422161,7.41254945217233
11.5089725516361,8.52724586217073
9.16752194122615,8.56239754389233
12.7603371078539,7.96435828261485
9.68569088613771,13.3837057433516
6.7086969371723,8.63394720254347
10.841444641326,7.75000099748917
10.9937556347013,10.4498878029667
10.6504899573462,8.80537992856999
7.63863302530974,11.5119412564818
4.71234573473641,6.78522343389777
8.39809312165283,7.88043777447564
8.75699264285888,7.7284422685704
11.1933142375443,11.8143274785677
8.51529759542072,8.65213642625488
6.33325953269703,7.93604941093815
9.13863670497098,7.58909225350196
10.971364890004,11.864134737549
10.303130730276,8.05777312580426
12.5395763167939,8.75168807352106
11.4115767516879,7.17836940118376
11.884371643987,8.04462346610397
9.67785423273812,8.39148465701632
10.3643089119951,6.91386743909585
12.5134371346164,9.85232849731955
10.8365382513511,8.00498359090748
12.378425931605,8.11860086300545
11.0239929388855,7.39945825011808
6.78958579793005,12.1675137179622
9.91053048389883,7.82422459900583
7.43718603933979,11.7127514262365
11.2779042810843,7.69428427661136
7.07843434122077,11.5180591814255
8.23831895382328,8.54400488969945
10.5706838862508,8.64390450093951
11.2612709003159,8.93338273196504
8.5105519352402,9.08423791792896
8.57294058019912,11.6550546101231
8.63592116533884,8.14197454990878
9.54592896508987,12.406654472259
10.8932610390463,7.77817011208007
9.99427475816035,7.61859708361902
9.62440033528024,7.51872257581274
9.06890352385819,11.8723285383667
11.3364487340523,12.5271279127306
11.5628675481945,11.9088829453896
12.357842240361,8.19410047271158
7.69294583205121,8.70516692671146
9.96944132910646,8.39971002665911
9.24374219173733,9.18234527432654
8.69586830187521,12.5109388259951
8.67456844268743,11.8502478964562
9.56573892411767,8.93854602422405
12.1384305370535,7.70581139087502
9.98325911468895,11.7287454608551
13.122891734971,8.71312950896886
7.42080404498335,12.1688665664256
6.47012182060367,11.0293941627242
12.8411545612033,11.5916073665604
11.7143892605715,7.19381387323009
8.36002624619831,7.80971143449794
10.872973206007,12.4476265636569
9.46521310652144,8.91808997366285
7.17264414514257,11.0298494182184
10.2650322316508,12.4847370039669
13.9540469180178,8.38805999612581
10.6609367952504,6.96960363943381
8.95004005364978,9.26386992163892
9.08305222532562,11.8334482816632
9.88304208567617,7.71311888941712
11.066706335007,7.27225780931112
9.81136325951204,8.06997904037462
5.53996961301435,12.0145567705943
4.0803857313064,12.1752869040404
10.4008608037732,8.74310321676055
8.38001872622864,12.1988664034936
7.98192364775787,8.21922389205593
9.52854988469128,8.97345175935816
10.9664139248,11.9281361915249
14.8067470517628,11.439176895776
8.7067335878259,8.25033794883269
13.5558095536985,7.93800250925917
10.9254036648812,12.2175680639241
11.8177234886729,13.7895819685492
10.7216201684777,12.9101709140116
9.85694335818585,11.1191883588256
9.545430460498,7.84356893836047
11.7925280890042,11.7058592630837
6.49473215575699,8.19024900094701
12.9970932680799,8.53542835381643
10.1172049706183,7.76655448608816
9.00017710761179,12.3523495003191
11.3243327055833,7.75352520268267
10.5636341687077,8.35331585006874
10.3592247202083,7.82318283777121
5.17764651994401,8.43611562815847
10.6036694380206,8.54438668928877
12.1738361792998,8.69082086814181
7.79308004908857,10.5186040875857
11.9165320471065,12.1723735723731
10.5449296554808,8.0743648516505
9.65435325408938,12.2557793438116
8.86147263695216,11.1886818458379
14.7527064760371,11.8776844793626
9.29527932814641,7.49492534454891
9.15793701656837,12.2060364370276
8.01999595188991,8.75529541200804
9.9664994464644,10.4968089194964
12.0571548395533,13.0399734666731
10.494628400186,11.5040744266711
7.48690080597197,8.42194220856078
5.87860064727168,12.1804465807363
9.49943489985487,7.90634990635508
11.0647431638222,12.0229291101227
12.043030348676,8.37143979043226
9.66752743816619,6.86319035078866
10.8906932098107,11.5017117713743
11.9499155838616,8.57707276115177
10.829313142626,12.0630338468706
10.9963824096605,7.43083692636492
9.36367121496674,11.11203857022
7.74025242184799,8.144090827376
11.8774840605283,8.11199815109758
11.4674043065256,12.4484360707756
11.2705197516592,11.4290824087486
8.81009275613102,8.13858286688802
8.96608095971305,8.52800379825356
9.21344859169301,12.2123210988771
10.6247729954991,9.24284641472024
13.3513007885213,12.3009629662882
9.63022889270399,9.04246633960656
5.61902892754399,12.4565471266695
10.6906566463764,11.8856923130024
11.2541729035863,12.3735676500577
6.43053363977978,7.4458920551071
9.91334462396851,7.80142418067108
10.9828462110952,7.31082269693481
10.2693055338252,7.60804053777599
5.64970578344797,11.7576264500259
12.1628244712579,8.3363672611845
9.93544242226208,11.5964314500601
6.94899119840204,7.94831758099168
9.94286210854671,10.2287123690551
9.60016401464114,8.12493649494608
6.52635182240747,11.3742200504904
14.0008404205785,12.2902323581708
9.55177796945647,11.9801121497773
12.22923878197,8.11877844334996
8.07272634287922,12.6080823881788
7.55918572855257,7.69648815662973
9.12962326003586,8.48697945007429
10.2025635250285,8.26098298316861
9.52390058369966,6.70418076410509
6.0132713842772,13.5310699705649
7.96692481876485,7.81925936103306
11.4113657216668,7.74509692120096
8.76440852536116,11.9809189749831
9.05215166758537,7.45776556070669
6.22917086644279,8.44187329507807
8.99725802768151,13.575685827689
7.23995398106263,11.9838296779221
12.0955245219208,8.27360177965958
8.17786818664792,8.56857406958477
10.2457273229729,8.07058308380508
11.3986927202486,9.02592765171193
9.69878550359124,7.03504089900326
8.69430776543469,9.46116272882414
12.928629740106,11.9913005652353
9.43513407457958,11.4396995891631
9.30564969275552,12.2615579029284
7.91911585420257,7.25863040881119
8.81280263762748,12.9811778803404
12.4725466661099,7.81479241334711
8.3734298107106,8.22110696607686
9.96295845531122,11.2090772985929
12.0184546740229,7.86812942592421
11.2704841046893,12.7038649887512
10.216411938977,8.14728647604042
11.9648395738609,9.16589296954397
7.24874147182442,8.53624662653022
10.6515648753074,12.3724956600217
8.08203114282191,11.7368988408933
7.76652374774854,8.7203921815426
11.0831684030206,11.8946832122077
11.8967574254271,6.94420745295461
10.7785300777468,11.6659227634671
9.64849418959031,7.63396811976784
12.4317642862201,7.74649332835266
9.68136837218983,13.0784556214277
10.6813474243698,12.1968935209219
11.2587021071819,7.2939929604825
8.9491155933338,8.52039888990093
12.6928223454163,7.39875782713006
9.05066347801103,12.7204666495113
10.8250687715282,8.81431512951783
11.6439301753904,12.2894755028773
10.4277358421817,8.3012174336243
6.85515356922614,8.30197634676643
11.6210930018535,9.11054733494012
4.26758078651441,8.55804848532096
9.99153210624164,7.82455035041721
10.4374637549923,8.28111959088767
6.89626086308739,11.4554692545277
10.1172337033611,8.47555474363865
9.82093103747445,8.12412585973991
10.1749495655486,12.0229346174368
8.25322090095974,11.1756968846745
7.8629027460281,10.8823392313716
8.49134950288331,7.54510157641402
8.39697920525915,11.5395109794491
8.08372269830478,12.8285117916377
8.02539829322881,8.11414880724913
8.1709136178958,7.78903606405897
9.52066168615132,8.44903873277046
8.58813965342639,11.9649515771859
9.96466967905042,12.2743772236447
10.2000050589451,7.71405822399854
7.37152835427056,11.2291015979502
11.5488367808013,9.03168850910443
8.99323943775114,11.5965851164124
12.2124938565403,11.0081294737493
6.68174003880639,11.9207418797885
10.4422692001109,12.13167758661
11.7586392849941,7.68143945807233
9.61797256638772,7.26253032903691
8.01418834221165,8.25548498659096
11.4310793279206,12.5325192196935
9.87800537855513,12.0581879257732
9.36640901863691,8.45733783554569
13.8227682815138,11.9642262395892
6.1437874526878,8.20515323937066
8.92915127335589,9.52713846192526
9.21646855462801,11.4935021448581
10.4936807815454,11.9762999561414
10.106321873899,7.92355300455136
15.107971234249,8.6775805796623
10.0375008349145,6.63367954348685
13.4685423166846,8.10419788603757
11.1938470077594,7.96699288186672
12.1248902413903,11.8961320716963
11.6498762238976,7.81505975655716
9.02885611650322,11.3900252212304
13.1707679311223,10.7216292849711
11.5681301611568,7.85085581031975
9.81637711458689,12.0342018564777
11.1542737258861,12.2849491178749
12.7014433075069,8.65210515446563
10.2288385938012,12.3267266870622
8.57209239272454,8.01236200761306
7.97330679989238,11.3524982284449
12.5334363002266,11.5794696753831
10.1338059293704,11.9981973908585
11.100888808137,12.0673402306013
7.02753896060343,11.325530874585
10.2811898670951,8.15797949908256
9.089133963928,12.5829818690962
9.08228983700248,7.6886857826494
8.67872807908729,11.2715250777543
11.3993351356549,11.9394138615734
9.66408018460257,11.9795911424365
10.7946708177953,12.7391062310383
11.8767693856413,8.01193456092688
12.432751409396,12.838739780509
11.4509505532156,7.68246813274295
9.70929112915974,7.34410533832934
10.2227207067742,12.0869741723586
9.9742780650545,11.1191502424843
6.12117510073402,7.77039532359422
9.30964366025644,8.46905920438076
8.37482037182037,8.91871559328387
9.24912907984247,7.84439865382537
6.80010506191513,12.156072809054
4.45059693310066,11.8167399912554
7.81343602391625,11.9914248059017
12.9029315171866,11.776449765318
9.92338527308212,8.72192069769739
10.5109317227029,7.97705111648554
7.28174347825742,11.9485722742337
8.11363095716281,11.7617960602074
7.20384080821773,8.10721957897549
9.58280617281801,8.27140273101539
11.6088231922881,7.99825907330335
10.9119567211869,12.182030182891
12.5872933666147,8.84165728490364
8.93789540003936,8.5185402810835
8.58508908928715,12.1434792246855
5.45168720378224,11.1844936178347
10.6524408535663,11.2155775268722
9.13907064370294,13.6685840510683
8.11638077335182,10.0560381704075
12.7060547836905,11.2313104675264
9.58779260251568,9.38015387729039
8.45054241379004,6.54183756180483
12.5049909381863,8.43858676563007
11.168425558352,12.0205340443825
11.765941069795,11.7286960378027
11.7126744721808,7.22594087273349
10.0282772730233,7.67962468908244
12.6230609843523,11.5825198035738
11.9174983257905,11.9115449117816
9.53919323307768,8.34784106564125
11.1386062453331,11.1217511037719
11.8645827169973,7.3242597860569
9.49976713148434,6.92048192793872
9.36095073861332,11.7971853733025
8.38986642144985,8.8528936820395
10.7193226277586,11.5358484922506
15.0033047367022,8.71813957498513
9.42171017205262,11.865672458429
12.5199006397326,6.82250060507071
8.71327988287087,11.2055507760437
5.45714597152772,8.62532687640978
9.70441503633226,8.25003292292461
10.3331488988866,8.46630657110215
12.6775724612515,12.5948041648387
11.7854601373674,11.6277898437889
8.39933392675225,8.60120849151918
9.55412590585709,12.2209620345433
8.51859558587197,8.31406605661817
8.01204050817557,8.95782397388953
8.01830483432326,9.00676161979966
7.47123344988126,8.01373310785288
7.67556542640311,10.3890741310129
14.5955552646918,8.37720339293964
11.1374202576823,7.86834312920424
8.22756643344358,11.7892728973195
9.92436611013175,8.84971318529019
9.77614884949359,11.6214488884108
11.1650931066755,12.3660258235547
8.21878919308656,9.3098620457563
5.7561171439747,8.11686264583255
11.6450864906438,8.13236639669207
11.5386197864936,11.4805532885744
9.25702240276356,7.53902611094113
13.4876347010438,7.04342163619415
9.10164920836838,8.78742470305638
10.8850432507977,11.673085508348
5.65191582865934,11.6560301257789
14.2420568184495,11.6177424127024
9.86287965246546,8.58738393469229
7.21370981041589,8.59047739470184
11.0345729960933,8.38179443519476
10.4101130733158,10.8731157191762
13.4173685236432,7.74653140831164
10.6282645723494,7.95099888609044
11.5941679979041,8.23524184859028
10.0197810490337,8.29509917246311
14.0567919561573,8.69631298660172
8.95240445203692,8.74477166712539
9.13171457893248,12.1083326082935
9.30464296004035,9.27781998340685
11.9389985200311,7.99598342683539
12.1976678049705,8.21169272245175
9.30836073974468,11.8173286710817
10.6651978595629,8.08564879476326
13.8726594783375,12.1684927741267
13.910959680223,11.7230740763
15.2160290506765,8.53076564192218
10.0789969560155,9.08837887704425
13.1134025009991,11.706240605188
9.51864232520853,8.24719307959767
8.7740751546691,9.08179508922982
11.4054986829037,13.5794876414943
10.2390067630836,12.609791846685
8.47590134590746,11.9511548190308
10.2557837945498,8.8555715706123
7.72965886925293,7.36239809564982
10.1505462864626,6.58994243000726
10.505324233793,11.6750280177506
12.9848611765158,11.8294746007537
12.0109646393791,11.7106606991051
10.5999230468687,11.6989669713835
13.4517842395296,9.00680963175676
9.09502163462551,11.3410936348484
9.81774982747941,8.76400660335833
8.39092502825634,8.18010686153043
10.7799345754738,12.2565296218896
7.92604225187673,9.06389606554965
10.85952792126,11.047625100527
9.21294004881596,12.3475390387565
10.2939665548861,8.06926388421136
5.56171403955827,14.1827422998348
12.6536077085056,8.08345795258086
8.51012187494696,7.67622449678712
8.84073104966388,12.3016203846358
8.07886418763654,8.66898237407664
10.9659897417122,8.61272626931419
10.0852480860305,11.5834340165872
8.28186093579606,8.54895244869646
9.55053939517001,11.9199366726753
9.33770352659819,9.07678595091386
12.0862684470925,11.8241470044685
12.2549628966687,11.4756160890299
11.7249201261276,8.10637058760546
10.7512730402575,7.38892169998005
9.22265720828546,12.0980395338154
5.97053344411206,8.17992390208569
9.51343210844336,12.2426820766545
9.99676462010539,12.9309743416643
11.4732293489327,8.54145160462465
9.39113745728476,11.0214132357271
8.05681151711252,12.8736066766388
9.86652182706101,10.9042600200258
9.9395034248878,7.94363145767518
9.58308405013413,7.74271837805256
12.7311561124909,7.62286950612329
7.83091917883883,11.0760383391351
8.30086609901901,7.69390266014988
10.7601442589489,11.5731505592049
10.3323049548363,8.63639280558437
6.7721840267362,11.7083919000526
6.69420517970133,11.813653974003
9.74694165794486,11.875524165226
5.34969453241398,12.5233543867951
10.9844977423775,11.8072982261136
10.3901882062961,12.2310572026155
11.5397649533344,12.0281430584098
10.8096660462242,10.8720368518943
7.89342563049044,11.5313932996592
10.5466682149711,7.96266067199324
12.5447055785992,12.0505944945713
7.73826633231335,8.54892625730947
9.57759773952204,12.6341423596079
6.78358570062228,11.8537421740771
10.0116718068022,11.5213623141341
11.2886436364266,7.71727713894699
7.61016533109692,7.13458839501412
10.572421458261,7.59409467773314
8.78698818774985,7.57812331711123
8.51209294532783,7.57438625640239
9.83661736108916,12.0465506172484
13.1102623499082,7.45338763796118
8.326965426944,12.7438645713707
11.1715539116977,11.6327000249713
10.3217918632418,11.2590985199089
12.6827438262331,7.85813449709917
8.21231983333226,8.28025828928633
12.2501053613993,7.6094347344946
9.92800946158492,11.8438744986442
10.6091577912915,7.96769361569102
10.6768200993472,11.80350608851
7.5274547680271,8.14010988571488
9.57945089624404,12.5662567309936
8.35022556066967,11.9909176853795
10.5784201767677,8.10731755280601
11.860845984978,8.06808054375706
9.81517897347545,8.06723560394997
5.34025088368497,12.5670094962366
6.82816426967139,11.6006083769653
11.2036629304874,12.2445798557876
7.55735108085339,12.1663552299989
11.8249882266682,12.0630660361895
14.0899470505077,7.44376234715073
10.351075568617,7.79550786391109
9.90260351829089,12.2989313266307
8.00915936496922,12.4931209498273
9.92639752280793,13.1436076327939
8.61072731872646,11.3519829677726
7.8737535871761,12.3603322380031
8.86045375205601,12.1534711249399
12.5077448644604,7.47990092560301
11.1375254910602,8.57149905431886
7.75318817638021,11.286603000705
10.8487274105019,11.7645146852774
9.26751082487873,11.3389486507349
7.43955195306077,11.8250251912861
11.0439134156809,8.78558009721465
10.3641805872585,7.62173095344226
9.02905122626404,9.27090769281846
7.12758255905075,7.74609885625318
8.76971586495108,7.36642328142765
11.5095514032235,8.63554270741938
11.7525894607765,11.6559359124918
13.6838503947787,7.19605388669296
13.5290814009676,8.37924834853278
8.41247392892029,12.7905639877741
12.7803419557871,8.62290896927169
10.0655745745417,12.6945050860709
8.59652580318339,8.00591382111553
9.78217542769567,11.3616371202318
9.39226635731386,8.16712814693953
5.38578107551958,11.7822986914323
10.3198993101826,12.0114077330826
11.6479547767971,11.4220152875464
8.75685100147585,10.865630690879
9.52271167648599,11.5625669646554
10.4232284487929,7.8118552779063
9.72983935022304,12.4487100443692
13.2242973328237,7.72130488421543
8.00474454072762,8.28036030552576
10.9505814897134,7.00920942069471
9.69421982457084,11.7606902588565
8.37341279482504,7.82723852623079
6.09945596940858,9.27364640013479
9.41971817494039,8.13914482884626
11.8229475059779,11.795719159831
12.6243241292843,11.8207709823079
8.55786085190221,12.6630463261998
11.0361941670277,9.55027368874228
11.9242236080426,12.8776664633574
11.2501430252238,7.59897286570164
7.826614086922,8.13529204565249
13.2707153336013,12.4739837223634
7.74945432133415,10.994763518415
11.2833095582111,11.6542886670365
14.0159777599426,7.9277769177676
11.4607315598611,12.4429635449739
7.11813009431749,12.5214027634618
10.8358950153793,7.82317692112695
8.0406156388892,8.47427909431778
9.46434338889876,11.9520039602495
8.98140826742207,10.9964309032927
12.1304616172859,11.5063677261591
8.89719097660542,8.08848569853899
11.5051658023909,12.2567583864986
9.83933778285907,7.04503614731993
7.30735436890744,7.84076661677066
8.68156945064743,7.94543365324482
10.7647251339474,13.0600520775763
8.54198335966874,7.80270846945429
10.9569220268009,8.3148284098519
9.36195277044104,12.2811435049007
15.1345606059654,7.86861198817432
7.79504218993772,12.0941603809677
9.22595247666912,8.31379971319582
8.77414673930756,11.9187782317039
11.4990414661268,7.82116985271143
12.2742931385034,9.34966572916509
11.9438823479194,11.5459220291142
7.6721944220556,11.1776525507242
13.3533930259506,8.35914191494137
8.48317909318272,7.38742637936997
13.232577582811,11.9397464080188
10.3152446355135,8.40294507873763
9.23845452891642,13.1594073141839
13.0256224563378,8.40841717597709
11.9340514774865,7.64453261832633
12.5037216115924,11.437952717262
12.0442674700626,11.5859594089529
12.0920361902869,11.5166923944902
10.664227393818,8.4578389556339
9.77466686320183,11.8963731662982
10.2035297169704,11.9636489395545
7.71913282204496,7.35595750080616
11.2314668999963,12.1646929358195
7.22582516009185,12.3741245107072
10.2457131176839,8.96109553082532
10.3210085452711,11.0769504594841
12.4355066722195,8.21766512750599
6.4108649194818,12.2392858481204
12.3026117028008,12.6292335355647
11.278739905936,12.0797524186225
9.45586640636391,7.50819059474821
10.0692752234942,8.12139617309388
7.20840331269715,7.0895037761924
6.30349154322412,11.1005133487627
7.35434853422046,8.28698857864585
10.1643997491027,11.808983637963
10.9598457754216,7.8408782354779
10.5210841072971,12.0100952738291
8.65038906836021,12.6839956862253
8.4661420524,7.71359197893427
7.52893739584303,12.3361785002636
9.95237424359898,12.0356439193627
7.85430137806016,8.56898371107079
11.403383738103,11.8944919873739
11.5920169142346,11.7980205833418
9.90125712752201,8.01806919645909
10.498348571147,12.7030767351176
11.8879499131389,13.8049339870479
13.0044166071011,8.74114990005561
10.2427808513866,13.1723828829771
9.19743768244238,11.5049997441604
11.9615330429727,7.78871380114431
11.2613987925938,7.65318197374023
11.5859031458124,11.7732341551722
13.0172926230618,8.22309520236331
8.59904409537026,7.68960812376086
9.17764812717637,8.28990976500966
8.51606667452959,11.8834486448496
10.3093826935323,12.850656174317
4.98685095238354,12.4057195407128
12.6235356180479,7.42800612901638
12.0902358320813,12.4372478299042
9.97258155447166,11.8061137792287
5.94857875246401,11.6330056931087
9.69165946925519,11.442822119598
11.3570969987465,7.82377629217547
13.6958718278787,9.03917551560134
13.7065380044074,12.2815429487831
10.0131232412675,11.4370818089451
8.23202182903094,12.727566570965
12.9503077753667,8.27177236883121
12.7471382418473,11.9882300242303
12.6652492911689,13.0065869097262
11.9637380174369,11.8239913013475
4.82423357333783,11.7009207220195
10.1550117945849,12.2822953730315
9.01666934846412,8.31532746098243
10.7506308164103,11.9606823730802
11.1083057149801,12.1175237912301
10.8008209382536,11.503008303518
9.40474177513684,7.87325032781483
9.7748733235642,8.09167238079396
9.39710134229768,7.12654959307742
9.46020493068646,11.6708768255606
10.7450445598266,11.7076730361599
8.56955863798491,8.55195000615222
7.454673437191,12.3039085014501
9.28796863661911,8.48506401042351
8.30474183321662,7.71971085487947
10.978137110289,7.95245191283214
8.85215357948725,12.0179046497457
11.4376640141063,10.0927592052691
8.62636712816098,12.0255113976319
10.3204299771221,8.66156014819672
8.91746432801213,11.8798847661836
7.67692481553504,8.63515838415998
10.4579863086241,9.59272317397861
10.3950085437359,12.0890748639736
13.140506048481,11.1642550529613
10.750163070718,7.91570919658433
12.315851204979,12.1632695471369
11.7265587240487,8.57597528943316
9.51168055968322,12.4892251063108
6.91512028960877,7.25251607661622
9.67185023091139,11.7412653825641
8.83842066040064,12.1279954051001
10.9619411103251,11.1188097762488
9.62579014021122,11.0940494802051
14.1662943960318,8.3690682126828
7.14921788443057,9.08210609258419
11.2217623938991,11.6564230572335
11.4044611535583,12.9061792533514
12.2744013232473,7.90789970206299
7.32441786830246,10.7888325927386
12.0738333945899,9.41497565061742
10.8229272322108,12.8335443999443
10.4599509300895,11.8930705975639
9.33252333737563,10.8690453034258
6.31192662846723,8.74210681702394
8.08814918796624,9.07504814779475
7.15663752884186,12.4585403665868
11.4314586579725,8.20170875811587
9.9678120456219,12.2537727504157
10.6038951155614,12.6170176390646
7.22013193770551,13.2047584928037
10.4724112378104,12.1117110444866
11.6445248417413,8.10150089716846
7.2207532364449,11.8580183320408
9.62308138849564,11.3596895041121
7.61332174796029,8.20783227707669
10.887262910767,8.19214620736985
11.2817156197908,12.7611894360432
11.4607480063841,8.26176232163989
11.6883728364626,12.1333953784291
8.22830579247497,10.6152508736124
11.7190945168889,11.4269723445338
11.0636612100793,11.4807921171699
9.74827182404941,11.7081118302859
8.87995602788409,12.1968414054592
11.7483436316648,11.1070067962752
10.8083091276694,8.93620586515399
10.9194060520717,7.21314164221411
6.91512177040467,12.4561903669935
11.9743416923346,8.00932687979922
13.1409518049284,9.13028653798061
7.82111012238811,8.26145204015614
11.7927168841973,8.29314556336079
7.7417821374545,11.0582553377455
11.3418428533079,7.91180909479004
9.04254930635351,11.8847433853998
11.734381497376,10.9992215968608
8.49779130435363,8.74436538074138
12.887876413802,8.31583032706102
11.5756555710626,8.84216916625296
8.35969456265146,7.77641779122206
11.3142450414404,7.58338309401317
6.57233136223986,8.28773933544185
9.10904652621663,7.8824251534266
9.43833483894446,8.03753963184625
9.53465261967525,7.72009169884172
9.12309995893175,11.9991415780208
11.0270651397846,11.8342273773878
9.83018284851807,12.4973235241005
10.1583794488281,9.28562927252786
10.0091947189236,11.9048574037643
9.58211354655545,12.2300409098288
5.85447320619423,7.32028969380768
11.163613330385,8.1761899392507
7.63501762998064,7.85163730485261
9.55368588686592,9.06514855479498
10.3468952329118,8.91794864092562
8.52119233805081,8.69318609094997
9.95756395244441,10.3398106082805
9.08673772029242,11.5590541433463
12.0406074209759,10.4964715800991
11.695633962533,11.0131210211293
3.5985353654644,12.5708288996778
10.8935375330667,11.0357659581369
12.3754800790534,12.6276745775007
13.3586457756548,7.84631418629196
8.57811243824693,12.1635921448392
6.01106119278844,8.68900603354664
11.6017439369237,12.0515924651666
11.0422636196709,8.11186929475537
12.6588362997406,12.3169849444731
9.64822815126994,11.0903905120745
11.1982420691836,7.32831039499195
13.2641578728053,12.0040964004606
13.2703451968389,11.5616022326846
6.06657390318817,8.41829881789023
11.4213638745,8.95838157743644
9.2465293601989,11.7080113081341
10.5787120480484,12.1061488398859
8.84901069783415,12.2924347530308
10.4997614438839,7.8996280914794
10.9638397933197,7.79105080834949
8.83189845880252,11.3921415570792
12.0854252546558,7.35074552056415
12.7690871967554,8.30461436155285
9.66347147030478,11.7426834358958
9.40670932085143,8.7378072709975
12.7706061527505,8.64841855444172
10.4344931701998,11.5469716375726
10.2947292536388,12.5253654945442
8.62602910421849,12.1374972817548
9.71716231387083,10.9852621015964
14.417441721048,8.19503968388779
11.815819583739,9.15778334290212
7.75998314629756,12.2810553216913
8.03673712442953,11.7413559568936
6.79241425184716,11.640181461929
9.34550788664045,8.60131568340435
9.55011484963328,11.3237981596847
11.5229587743464,12.1687401946664
12.3246708539358,8.33591618744041
10.8183452812089,7.67284137378522
10.2542388449503,8.86340502287645
7.28208210942055,11.2816070906421
9.87336451495494,8.73008469203368
8.29252711255232,11.0517459497962
9.06614670822062,7.55545313717484
11.4481769305992,11.5504377625441
11.5556162473698,7.67927580719167
13.7211732949512,11.9889328595918
11.8963165725543,10.7391430085156
9.47134265999839,8.46084939475858
12.1408525335111,12.1904812505046
11.6195926789155,10.9566023283252
9.21677748324115,11.3125829144036
11.1961052411907,12.5542433059223
11.1096570149872,11.5442454933884
6.5754678486526,7.63930040621571
8.72344482835497,7.22086486152899
9.6006037167371,7.57125714021385
7.2925317311667,12.1806304461948
7.32258871237674,11.817821404581
11.8513830680076,12.0812430084756
4.44384018557226,8.2193295376409
10.7969156840157,7.00882137873809
11.7075915955104,7.49342444016326
10.5169707934643,9.129187797054
9.42845425325962,8.85951777711344
11.3835421179816,12.7536089468942
11.6169175947071,11.8314417406774
12.2259501043477,8.37844963305927
7.2376826079933,8.2917547395254
7.72669607165148,10.8617316388322
10.0101828830998,8.22141718240137
11.2728437138732,7.10945105423001
10.1330420558123,11.6646692671621
9.51366120190843,12.3069268048886
8.99792535562669,8.3534971533624
8.42618425584847,11.2128334940737
11.9624712800822,8.71698934793429
14.5413637422437,11.0299026028646
9.39270525406815,8.075072331011
11.6096140510601,7.89320803442677
12.1278591932577,12.3893178908119
9.92370536912531,13.2558541894527
11.6208401317097,11.688028785095
8.91650686536393,9.35785896219273
11.289680052435,12.1817309995159
9.33492362417037,8.42002060915883
6.64311428749268,7.79195202144784
7.64385469430007,11.7278774787224
8.90179986055675,7.44289520094642
12.7722808243005,12.7358254307454
12.8891477183804,7.60265508138304
10.4260268012105,12.2601751481645
10.987986562991,11.784293681513
8.14556187920115,12.0743493197025
5.84327532353552,8.47237028823787
9.69399324524124,11.6022416466567
9.93539291753996,8.57399022278971
9.63763347963881,12.3187982993207
8.0329760368486,7.9892566230698
7.29925617755967,12.41044911887
9.27571379502222,7.91573203629673
12.3755504207162,7.57429093453014
13.5093305704526,12.2111119516458
8.44932507663171,11.135221826265
11.3647635988771,9.08205866921837
12.5079555142997,13.2340685306498
7.92478644661254,12.0596030828885
10.1279533144351,11.9718405661723
10.4219943927328,11.9180735141406
11.1483963141642,12.5457082558364
12.7442624555352,7.86272334600346
7.08568063633269,8.17928449878253
11.6787087292306,8.94117870253975
10.7730887898421,8.49026564714063
8.98328923235915,12.0259342865372
10.3757615160534,7.58016817643703
15.019243648061,7.96185199493902
10.0731401597383,10.6452244493736
7.97886019142588,7.89529562245299
7.3762119333624,12.1478960316356
6.98296995024555,8.17002683873386
8.47402197649504,8.43989629929151
17.2362130950704,12.2479296455621
9.36159493859178,8.12059009192036
13.2225194228696,12.0471792574064
7.30046980297167,11.4417106466917
12.8737270264241,12.003357388
8.65646822840319,12.9530802640365
7.79778901111976,12.8728020361258
8.4100360380109,12.6113089583469
9.53837342398101,8.09614913750633
7.98170848872068,7.9343703039218
11.794819743483,8.21738104838811
11.4391683107856,9.15160269471145
13.6442446798862,11.6021844675655
10.6411955556284,8.75386738251888
10.2174969545795,12.0347299656932
10.6035516258183,8.39353740761978
9.92478359243353,7.86626218318285
12.1908892955947,13.254295579985
11.1095929258265,13.1205603064657
12.1488971920647,8.26192415417272
12.526886785854,8.10961833365906
10.3752038183829,8.60281213349116
16.7080722236306,6.9449921313815
10.3839583657539,11.8100285961921
8.33334941459986,7.3888269729673
8.7482544613644,7.77799572201706
8.16231509602929,12.7599024032542
8.25436233401226,11.0006662792984
11.2906674009071,12.580320584264
12.2084997900184,11.70662201742
6.40664077009167,12.906991933567
9.46738955591485,12.2906107109159
8.73957056102449,8.81859376696145
8.59579741579014,12.3394357753839
8.29203987555163,13.8409704511488
10.5331365845246,8.02991407151037
10.768426297768,11.984757046191
10.3996637662567,7.47508653374464
11.481940246243,8.76554972843715
11.0249775135938,8.35348370761745
10.2723846155421,9.2015780786849
6.83749349740066,11.3602134305216
13.3794646202621,7.47909249081064
12.914880244308,11.5218129589741
9.77638315612646,8.38334761008496
11.9588550693308,7.94687291348135
9.29820281993317,12.1013972276825
12.6199628604911,11.270935862473
6.6537825001399,9.17743480911576
7.84617449485814,8.23417041127563
7.62858913330016,7.52782247217461
10.7814783082607,12.3388267865044
7.69528780058776,8.87038020630374
10.9774894964307,8.01268387751462
13.1119784154415,11.8440439972447
8.843007816784,12.0450015897645
14.4385546422267,12.1217377261866
9.08712575946248,12.0058375648046
7.72843031535859,12.098285705935
12.2535358844473,13.0229802735016
9.04321655665457,8.44055869323862
11.692392617142,6.82137684060168
10.2133010861696,8.13929480993546
7.92374033083949,8.9008804088742
9.33665359602712,9.15039213153296
11.2107134358228,8.09696088085828
9.31822478034707,12.2560370754055
6.78726266307397,12.2225530184883
7.19319560314299,7.53263415789273
8.29380682969897,11.3876189310491
10.7863756868608,7.31425141722589
11.8564708591861,8.31528451609142
10.7039307757703,8.00026369063718
10.0726703032401,12.1280539903663
12.6634920749684,12.1117025918045
9.98870106151242,8.21385076208598
11.7426510325073,10.7632024311081
11.1461728307167,13.0166100003336
9.33649712919783,11.817375360416
4.98938146242343,10.6865918389748
13.3377274141884,12.5158086433207
11.6500766797778,13.1738977206746
9.32233321502509,11.8801195169914
8.64063336727855,11.7369717144745
12.7969850455367,8.00518860567226
9.30500206182267,8.07600650803419
9.71506289410699,8.43928235049895
8.02507241858488,10.4564473955993
9.98883256284951,11.7772961278695
15.0792441252321,11.9683942352675
12.0244373697218,12.607023619923
12.6122050976847,10.9570404910176
7.99597749074379,11.4964250254707
11.7770200178102,12.3618092720319
10.0283839261657,12.3783475924459
9.39509427107106,11.9938345153338
11.0439089281651,7.14504644634556
12.348747559983,8.5304415862708
9.35140971378048,6.91478295204757
7.98371833831396,11.0275153096843
11.6972962606174,12.3450777814815
9.95028855458182,11.2374084485587
9.25501979865806,7.28689721643387
10.732568352376,9.01533483765424
8.101546623249,7.8895995054515
10.402829390479,8.77707256261865
9.45799771753478,8.18594120419393
11.1355865357187,8.05728848900814
12.0146948456405,13.1682492743892
12.3611557960811,12.3044132351834
15.0674900693412,7.62447627543855
6.9913495302875,7.66460541766005
14.9238295726509,7.01511850969847
8.94215890616663,8.26516885472261
9.97093589278706,12.1593671694839
11.0349582645467,8.60366001913617
11.1775224954804,12.0198079087235
12.7873317965836,12.1675336906405
6.81072668303569,11.2118632943069
9.12366847018484,11.2232614879557
9.19041926110959,11.3800618595059
11.6383091878206,8.00924352670802
12.4759080719444,11.9865230186103
7.96189408017372,8.85827810743441
8.84099810232306,8.27822632646962
9.80081948770987,13.007714217075
12.6655958044293,11.8851084627004
7.73414786313822,11.1987058872745
11.1849082743216,7.87755735293424
8.57841729379534,11.8104451024967
10.9074613763737,8.35192077514534
10.8911831202369,8.81473199178447
8.55297236730113,8.06759754585169
10.4612504583285,7.47119499779923
9.65824725000234,10.8028648604731
10.3377952598008,7.61137568469283
8.72874461274609,13.0863695547797
10.5409549937059,11.0184576470755
14.3734753326095,7.86183544335041
8.92239610836374,12.203512263761
9.00159062054639,11.2412180874298
11.0481469195796,8.55915738685543
9.76465281581189,8.05034472693302
8.28711134231098,11.4841986577527
8.24745748574098,13.4195042101239
10.0160953170448,12.885901518935
9.85398007663979,11.9268205955641
10.6515723765694,7.1812643952162
7.59894094256371,12.507198640332
9.75725315069119,8.36791210865269
6.98197093087499,8.95126646659233
8.00975493271477,7.03975456181347
7.18121341888339,8.01615634802773
12.674202979928,6.50093863553166
10.7501691599954,8.02572359772677
8.46658035246725,12.179049852587
8.68604625036116,8.20729973763951
10.8690103060658,7.5248629151258
8.986887748146,11.1856555748556
12.4699034062722,7.09662886268442
10.2511614657001,7.52226534160601
11.1283392477853,11.0287577210901
12.1266194543421,13.0479983210215
11.3495302319146,12.4438859881461
11.2118698302548,8.38479074437367
9.50485007966393,11.1477322680491
10.1394742904942,8.95895178185322
8.59244068653397,11.5481970185772
10.1765869430518,11.9682179768363
9.78629442009486,11.3024914295302
8.56526912804429,9.93687993214343
9.98692304833237,11.854264997514
9.26618248767883,12.6650606487263
10.0343633962377,7.77900242450925
9.07556719797791,9.09394966688882
11.5819662428329,11.4062110982994
16.9139437461688,8.04777975337994
8.89199117440186,12.6026777797064
9.9343261664087,10.4840999533154
10.521323117128,11.4241412728249
8.53431137819384,8.41021428758526
10.7149718127904,11.9052359484336
10.2018129789507,12.4660780407252
15.5504357095926,12.4712452597743
9.43665734608393,7.05243165788794
13.5310606127825,11.368771081123
10.4319586680107,12.0669983301493
11.3474963579251,8.40091950484715
17.2130205462015,11.6964169031179
10.6996641130407,7.22367670580153
8.24741521072461,8.66218836190208
9.56779657718597,11.2127308402508
8.2853632764911,8.24929368861547
7.53385279822192,12.348032015066
10.3941937720674,8.64914628894422
8.63459928745435,7.72489208875044
11.8904575630892,10.838896643324
11.6718081690136,13.2030385699876
9.00950533805186,8.08435246199177
11.6845861041921,8.46856796915421
9.77362103832696,8.18172552904561
9.19062689621514,11.6852682466324
9.42564051782728,12.5929029838873
8.21768655145593,8.45088254773263
12.2831662020502,11.7817917665014
12.1225884294663,8.2026280882194
7.86077667448086,11.9377691325584
10.1015236653638,11.9543345692672
10.4930041645082,7.85327382392297
12.7834882976375,7.41745542973004
8.70792861173493,7.85740801070021
13.9796007555249,8.51812814142136
4.37163673744617,8.03002835818188
10.6615802009673,7.97528079673012
7.60021964094003,6.69230227201204
10.6159871034649,11.6154157508308
11.3624079416948,11.2796282394727
11.8217163810111,7.54603873155072
9.70299648643775,12.0726746790857
8.4974398824747,7.81859468546346
12.0429743588181,8.44060839177791
9.30574237125421,9.04388129736871
11.2041503983973,8.24813770805113
6.84573478683018,8.50490822340909
8.11685529608172,7.81608122314673
11.6890040553918,8.86838698711205
10.0258105219238,7.82191746145205
10.458513853881,7.66754840856678
8.52215460155856,12.3472695126164
12.8018491574853,11.7898321062119
5.56253771577557,8.24741779141531
7.15455245760091,13.6062552782138
11.2125270568111,11.9565785438236
10.340999442652,8.02680606990212
12.0605758210317,11.6246504994547
7.4464019502497,11.2473708393833
7.72154371408848,8.2530188391651
11.2847455698235,10.9245499753615
9.40949925930838,8.5016584094219
9.22326476213802,7.3407320685566
9.16192239095067,12.4109848756252
7.11054705945982,11.6418231023955
11.2151313059576,11.8408956600177
8.04525779742299,9.11929124684838
11.0224498033085,6.70918460613361
11.8439247004021,6.12278053881705
6.42909663430675,8.39705771357344
8.94173753742345,8.34791130640164
12.0141527341394,11.3233486970229
12.3528439378812,8.90608301409285
12.7405043506334,7.28826879134687
9.69233668298801,12.0194940803151
8.69089725650863,8.14329172571027
13.2869529401997,11.0860794486021
6.30152664866416,11.392683986506
10.4812571879483,11.2211186520227
10.0613608473285,11.8660251047464
14.5531602682652,7.22100910077715
10.2059783682799,11.5254753611795
8.67473519604996,8.00600294469496
9.68478017197415,12.8180931149079
9.82813044761172,7.31392307785466
11.4505577961827,10.9125521816467
10.4658581936462,11.6419875193555
7.47823756459219,8.71984438859993
9.88120575697501,12.3827299426743
12.0801184089968,10.4056948678784
10.382831169091,7.67207712373642
9.4438765281836,10.4728845556558
10.7648018055389,8.32552365216747
7.71090521493732,6.88271848871166
9.44197967447612,11.6458620394563
12.2267486470562,10.463100792854
12.4323448187326,11.2919024270108
7.6455024632381,12.5276147941382
12.8833219478698,12.468104129667
8.35575954848701,7.44708446165362
11.8604113004121,12.0102774532712
3.6564612198384,8.84401767891706
6.81683307719843,7.44916501833799
10.6355414506032,11.5331384526785
10.1964406362454,12.0310091841177
10.0278728392307,9.10755171615807
11.2690019093983,6.87381923796574
10.7459744296977,6.90639398102311
7.59479079386815,11.4029345181572
12.0173172377253,8.34481769379342
9.90599494027099,11.3550555430888
9.08540013224066,8.88932080055362
11.5195916792645,8.22820878941814
9.4540412468928,11.0462922465334
13.8132049892875,13.1532829437992
12.4745822544702,11.882980113956
10.8422098765777,8.37379581317086
8.55778074265177,7.47520300583839
10.5192078386836,11.7794397281298
9.52259836974619,6.81445097432086
11.2491379185113,10.6025923214116
10.4747914583572,11.2174707049876
13.135725815162,7.93480712512355
7.73749850757449,8.10303113339161
8.61341352419785,7.88657610476025
12.2758635053736,11.6727730592154
13.7393762844952,7.47405544663223
14.7384609796359,12.4087532805187
10.0019477444385,12.3576171254558
10.9918867027044,8.74178112588028
10.4887769025533,12.5311571282478
9.04765949763477,7.75885235213303
12.5883970280756,6.4192267500247
9.84197043541294,11.4019314304242
11.0484562323367,8.1967486250485
10.3049443062067,11.0817429094248
10.9940076251693,11.992658450699
8.773053730355,9.72587603480728
11.1197380632014,11.1704852088168
9.777227563994,12.3144248988236
11.1075951207554,9.79842201058502
9.69725333322802,7.70834749933347
6.83835973800232,7.18382098988788
9.40228325768687,12.2587398891721
10.406814890674,13.0608671594693
8.88145785607026,7.86486269549411
10.0968412005384,12.0253712754684
7.69437288911747,8.69075971273138
9.05196291474831,12.2258437296983
6.92242557825993,11.7328084014427
8.14516736453458,12.5925370745827
10.590831338551,8.14060728723875
10.7056553367657,11.7475244753387
12.0748788173378,8.71802692722031
10.8861738777636,11.6907999242462
7.65212230862686,7.51350226599749
9.2359028498187,8.50182334728771
7.48788628786841,12.1270992256713
13.5653312707632,7.62971509001685
11.7643049970178,12.2386906396224
9.38684279782801,7.45146096548836
11.9439513741585,12.2867674644843
11.0513414308573,7.85143365534476
7.12191754516611,11.6173036196366
11.490237987864,11.9991284849573
11.1948663615547,12.1081097124599
7.48239361286255,8.23030874305658
11.2190149929795,8.73765517865436
10.4376009958795,6.94329909898133
5.88395378006489,12.5021200760397
7.78894171485304,12.049145608844
11.8624090142901,12.540112238002
12.0358513928347,7.1432388349333
10.9408768989653,7.59611789346161
10.6570491728284,11.6946930610137
6.36314402269982,12.357200040572
7.26427213977212,8.54869333302856
9.17136726920813,11.9434047142394
11.3369500913402,8.12444815463781
11.2424426433062,7.93094889268912
9.21669340494757,11.956577255491
9.18445780167793,9.46609112241739
10.5674731306816,8.19174541659077
10.2962739385364,7.44328607974296
6.8607146879875,8.24402109768415
12.7659833858828,12.1252460629124
8.27009259268653,13.3039388378931
10.8884767759657,7.22729952112368
14.8510826182172,8.44408108792159
11.5170548011005,7.41346903613385
8.84209329954929,7.62376743676675
11.0064696981047,13.0744760131829
6.75703264412702,7.58199925389382
7.87705603207504,8.53895970017954
9.64795308515479,9.39567370943359
5.87473628077934,11.6494047418342
6.59904147908238,7.21937713715468
11.8212022082192,9.38377301415546
11.0551585631689,8.6479120171694
10.9818200193183,12.1254029270329
9.41243977161533,11.7429972082573
14.6953257486906,8.49073480327277
8.94991026873748,12.0646456430483
10.5509743851641,8.42608377270066
9.37799554461923,12.3677574350794
10.8813946184863,11.9904188968809
7.50853939033397,11.9893866430044
10.3971094635226,11.6791724034876
12.458106249333,7.88257434459354
13.0281990916046,10.5420258142895
6.60120845233298,11.6645017445769
11.4312670473956,11.5649193371876
9.6517772789642,12.8212950264594
12.0656102334671,8.02617483042489
7.4699385208622,11.2889025130543
5.01133781931364,6.90932044828225
9.86902933790217,11.9932417809299
11.1726414230709,12.1583889293803
8.16944819551665,7.7824766282651
7.90135851899888,11.9844232810375
9.65968847998224,7.56969856544934
8.08541593508348,12.3130415622074
9.15337229633904,11.7858021451646
9.55517416003231,11.145570855159
10.3264058224704,7.03894513172351
7.83149540638851,9.04446422394446
12.2297893933368,11.3975306627396
9.14873820698538,11.8591207822433
8.49274151705862,12.0161889481702
7.72102187552703,11.5399539060073
8.91429822314565,11.4276013068029
10.0762114385356,12.7042184190416
11.1833941628521,8.70460057173612
11.3910213741798,12.6678208523194
11.8850146190077,11.4368015070212
11.5879319737635,8.22078456598759
12.1957359032168,11.9918024570308
9.25756853477401,12.5049597932659
9.26645823189446,11.5315618965881
9.53157905399991,9.1178824181844
12.0522749701849,7.07655771921985
9.05586026138606,8.03071735644776
10.6145359213872,12.0075701975172
9.19052853391472,7.36369477789689
10.660389958261,8.70983399538838
11.0579078109387,8.33239155063559
9.42311917272234,8.0671388781829
7.17936738693912,14.1251558651606
9.1229847668897,8.20788665647926
13.0154330590722,12.3459006758939
11.4903993823613,8.00087716781881
9.7734725227247,11.0615060738744
10.7379976044842,7.62684863102716
9.10305390430422,11.3030474276953
8.89037771792385,12.7673669629908
7.29067420020526,8.05908037447374
11.0826380909209,7.79333158130887
5.95045165045237,8.81636343189122
7.86236562138522,12.4819609052459
8.44785340218491,11.5904952244677
14.5679929736534,7.43646861276616
12.7834204649153,8.18998663903938
8.87740381633143,8.16514646370605
7.79331983767981,12.0336853953819
12.6186742077888,8.19665347769604
10.3971327394298,11.7827837151468
9.38518423965068,8.50677450642408
10.0116068904597,8.56308139845236
12.7750328073168,11.8955906600447
11.3503517562738,8.34713228831095
9.35165437459608,11.7357392126273
10.5110794145846,12.1474053121845
11.3386715402669,8.7404184632128
11.7194687327328,8.22946208198111
7.44298630270396,12.0891750856968
6.73251250211741,12.1514939520562
11.8660176693618,12.2184329186991
8.42505573423973,7.30433223746295
10.3989667009418,11.193945238649
10.1931235020974,12.117008997111
7.23741765839172,12.2394308186283
11.2549492628501,7.81173067145664
13.9863624714647,11.4656038277377
8.47196030017828,7.74359758701931
8.93156781698119,8.27440018400542
12.9040527513144,7.25338028244968
9.05206779735704,12.0973554749744
7.70222169765797,11.5100041420388
12.9338678256965,12.6300494598438
7.87351262911505,9.40966486070253
11.8835960119261,11.0216848933008
4.81589661057929,11.7606443930416
8.22742136344391,11.8970562191817
9.45902962261849,7.61166080475495
13.7188646757984,7.68230916044284
9.05930440332945,7.38328666960749
9.8822496449195,8.48264790073137
9.34018798457413,7.20456107731174
8.8869037821591,12.2461458302169
7.01152720354408,7.83445565543642
9.86304750315484,8.83553296567228
7.23109903138833,6.72797509796759
6.74529318699652,7.65245182565363
8.28395532421486,8.40060840610849
10.2898479533661,7.62953046627198
9.96686171231496,12.6954671678803
8.86903522078337,7.98565544728972
12.6260515457166,8.04306034335775
12.7079214715542,12.1490428977967
11.8235237925169,12.2980752008598
10.0523020888592,11.6842357903347
11.644179891081,8.40449283052662
11.7776032601481,11.4430250950939
14.2403621040418,7.31696780418055
10.5095397581972,11.7097565121988
10.7741381370888,11.6319533915544
7.0127460148269,9.09146395256395
9.57770773342273,12.3800647601111
12.7008615534177,8.81642726590071
10.1301145445162,8.26881408129472
10.6814210774066,8.50466507959769
7.08763071261984,7.97075256523341
7.47221067553472,11.8301160059292
10.0482730943112,11.7793234940583
10.1073939751209,12.7205462336068
8.33571914764432,10.4036926899282
9.63026674142118,12.2811356172961
12.2015279372276,8.61494578409095
13.340450359947,9.32139182754149
9.13909674915881,7.86486622489684
8.21831380728129,12.9522993028982
9.90889204583469,8.64421252528081
9.23058617651946,6.9716956173816
8.93449259132277,11.6404814474162
14.4376895361535,8.26624319341416
8.32503964576619,12.9324794300826
7.14011742352511,8.25946461808562
7.84214276790778,8.76681907790119
9.42581221058013,7.72606342025737
10.3163170603613,11.1884348324827
8.45858199694619,8.12683567963147
9.90238264098039,11.1280258485981
12.2891324319039,8.63406204502314
9.85330919391874,7.71346742887981
8.82080035953514,10.9164524430493
8.59953730564919,11.3814043273823
11.9559873268135,11.6872559335473
10.4849824380695,11.6398149155081
11.4410455914024,11.6792168790836
8.89216121792267,12.3904526763001
10.4428677960308,12.7332252219398
5.31878916236639,11.8849463272059
10.2905749975604,7.81510007694514
9.78566638254824,8.14691950124565
10.4018873090337,11.5618744710483
8.25609962452278,9.06877824797865
11.1652418472694,11.6202407224373
9.65246230680678,7.42816552206384
9.69340092253182,8.07829233217088
11.0585366762872,8.33321998612405
14.1796751313674,11.7965770821772
9.21724605566232,12.9413785012688
8.35373353969722,8.46455505369069
11.8394246151864,7.76217778175825
9.0932904540537,10.7410612081484
12.9079112714098,11.9841861724656
11.9667129382014,11.9476917561356
12.1755460542223,11.6557591872334
10.1466253203799,7.48320954344395
10.0711279414926,7.98799923210132
9.41580633808368,11.8580947255427
10.244384360107,10.6317076956817
11.054544586751,7.71842515945647
10.839403825781,7.67421400598637
9.81936653792905,12.250144155066
9.7668596876797,6.85377540297471
11.1003798450607,6.90103963396425
7.63558794772683,7.75569062178685
9.53216678087449,8.58475217454108
9.4376711846348,11.1845256818723
9.5448359982227,7.43821961767251
9.61040571909625,8.0608950550686
6.93587149124806,7.3299068871455
11.3571294569825,10.766551280756
11.7498832935202,12.5056776761242
12.2307167277059,7.17471985987976
8.86334369548722,11.8016037505034
9.56975285242832,12.5849569249917
10.2741857616223,12.2990103089454
10.5968684403961,7.00414706260459
8.45155808162557,11.9211335235661
11.0245477763585,7.8060397664184
9.66950923290953,11.8543358411846
11.9030115002619,7.96738302103355
9.56055470310371,7.20948703520591
9.35291928984106,12.3932794886793
6.91145682172617,8.67131254781592
10.2392324199546,9.17901822413682
6.58807485086873,8.39520188263438
12.1967274811538,12.6774671186201
14.279732252854,12.07722239473
13.1092532199865,11.5428678580767
9.03863829703452,12.056971684335
11.1977004242305,7.92130255724142
10.4732482551678,9.22261118933796
9.69820096575198,8.46814617582576
7.10447035875883,7.27785726181319
10.1678189286799,7.23753907025811
10.4935578080798,11.2918040079145
8.48276736209625,11.9673961045013
7.54328197312727,6.94439455177768
7.24095212711245,12.7631914808658
12.8368552823143,7.51820142359316
6.08547067195211,8.33547863786299
7.99554340907338,12.258656698736
11.3345915686012,7.86670171043632
8.16796595760251,11.6451356220894
9.40725576584728,9.23968106555777
7.76528357593634,8.84041538445814
7.59151496924357,8.02026084269229
7.92061950512168,12.4092212441708
7.08760383590276,7.26469024016199
10.0777899517896,12.3457290551192
8.48753462417747,11.9889990617123
15.9538391205963,7.53770409009848
13.0034390472722,12.0351373816451
7.11267256642036,7.30181820821129
9.69448482929753,11.7438238643899
9.93616292468879,8.53460796370641
7.34549179719029,12.8114138109745
10.3375125075975,10.8022799531422
7.216050861542,11.9308823875276
10.3019651664069,6.71420360810707
10.5230017404,8.62445570468344
9.36023002440239,8.22040277660408
14.270192717461,12.5387252769936
11.6700214396537,7.60247835211997
10.2273506105655,11.0808790753377
13.7905689563456,8.09729589444319
8.88832440680943,7.61760361341493
9.75547274673819,8.48446264681008
11.6293647264719,8.01800904226567
9.15595985368051,12.2592173133292
10.9142834787937,11.5863686667164
7.81158422740503,8.71833641303882
12.8984218634025,12.3721582163673
9.6682169526548,13.3689864670927
9.87932762510022,11.082811140047
13.7430763442238,8.04283305134016
10.4728157289663,8.91771923291089
12.9716643286016,10.9743338625211
11.5163088120875,12.2858934560571
7.85114918008639,12.5340318270996
11.1995016141355,11.1796443467679
8.35914415163244,11.916541678654
10.4873240903145,12.8116533966274
10.1650580952933,9.76332307737419
8.02993836554755,7.14563890483707
10.7847596838751,11.4755848046973
11.9782204777638,11.2902806621205
10.9529821223469,7.48337017408502
11.1640605431198,7.95935767020182
8.94841114464068,8.84765913774395
10.8312149531347,8.96879562582454
10.0629332837929,12.6194065635352
12.5626569518963,8.72891499497861
10.9600910570696,7.89039163552958
8.54386316993802,11.4585286770221
8.282456601291,8.61916775349525
10.3882977114731,13.5651714032528
9.5513009895953,11.353562187247
8.49121490803723,11.8110905095518
8.16874963373686,11.361557424093
8.57889865556205,11.6899334593547
9.23541019546834,12.3420111781481
9.74609883017938,9.30593226815391
11.9897528386264,12.3533700791159
11.1038416313526,7.83519717407704
12.1647293237976,8.93848680581803
9.4954752408464,12.9295055173296
11.8795414819348,12.5172861140463
10.3701391586893,11.793878644238
10.5593263368154,12.6021150911645
11.0658258893221,8.54294067152827
9.04628555134205,8.46687625647777
8.1879724431163,11.5577987462664
7.75949816189128,12.2360248969429
9.63434605288365,7.77154886910862
12.0263344614045,12.1617616736327
12.2244466438048,12.0398359332517
10.092452847843,6.62341714525115
11.3361577931931,12.4294180537965
7.67798838040071,12.1766473740086
9.9548099631361,11.3789883404661
7.90357706872261,8.57365551225625
10.9651211228151,11.3542842874187
12.0930831411944,10.6464110002853
8.79981966675415,10.7130763330203
8.63759868395862,12.4492673383563
9.04909053591827,7.59381675214617
11.2614077537405,7.66661865176452
9.87159961083949,8.85011870542729
9.12495313212785,8.27200098363858
10.1191694001152,11.7229579981783
10.9792601892568,8.40435147304449
10.2333237014186,7.85242140368291
11.643681970135,7.79841268226921
9.22628199754556,8.75526959841109
13.2949185990926,11.7925707740216
13.2523184667521,11.4871679211168
14.9099395280357,11.538743795935
11.4875664181538,12.9693535767359
9.13173564206473,6.90177264046722
9.52256876581523,9.44811156171802
6.07075572315103,7.05749755316329
10.9830885734966,7.21166196701338
10.8307823410036,11.9402509360605
11.7894752398838,10.997545937296
11.5858883893061,11.283023608508
7.35337958748264,11.367456063807
10.5013211998341,7.82416886187293
10.7444500079124,11.7950844270229
10.2991714377374,8.8030778222949
10.8526304709448,9.27660247181345
8.56113513332032,7.34041458026936
8.44451156746001,11.6284752485036
11.8932664987365,12.2770239533562
11.1704676175686,12.0431146706667
9.17270591020475,8.40142638678852
11.8000903659319,11.7958035595922
8.29215690867479,11.0919831432581
11.2608881804574,7.98618398820871
7.87145926804421,12.3397381858475
11.3417355858211,12.1089899380624
9.66075073260329,7.79883186681288
9.25320484974681,7.87174987530838
11.5613681822317,7.93065461121763
10.5814170594163,7.29181171338237
9.10818574844575,7.61153326627894
11.5531184555039,7.6142821854887
10.4460816908073,13.4788792640558
9.29882477686536,8.02664989527873
10.4702769434659,7.07341393630272
9.30550179908415,8.37748740104225
8.23686927715402,7.90117905632008
5.35543195045254,12.5720765648466
11.8383161929497,8.04904160577611
10.1215788687243,12.2653468858005
9.43889093671892,12.0898795888632
12.1410903479093,8.10118177713005
13.6991027068716,11.9386747607465
6.21462871354643,11.7423155475936
12.2085657979731,11.2057491067111
6.25862156402817,12.6424119436407
8.5932174921641,8.47390388350272
10.6538426031519,8.49163261736184
11.4884523365909,12.1927687171569
12.8531333498031,8.3558284798502
7.79135800480449,13.3785146801121
7.3325798548054,12.5981347054912
10.628338832646,11.7498112420196
8.02531182728341,12.6416609577185
12.2258031834304,12.4704419822349
5.60423475465503,11.6930284998512
12.9291520107174,12.7649702996205
10.4614653299378,12.2761017103155
11.2855502927153,11.6845989506117
12.8697024662082,11.0851832435756
10.3546810442783,7.3776542813695
8.32133685278979,8.32164675699798
8.31738629017916,7.71895615790898
8.95749809437794,8.81702519016212
10.6319973672738,8.23261109651696
10.5967338489094,8.44636089590556
11.420557352053,8.14080816630685
9.15193841605745,11.9041100527536
12.1472658716746,11.8839577349361
10.3462262120943,11.0617928631984
11.6878655233992,8.05327737797007
9.73126028249356,7.80885277679478
9.45502264448493,8.08133787096219
12.1577218205715,11.8784335388801
13.7503866719245,11.4321979130853
9.62681568640179,9.17839291087929
7.54255332617757,8.36996088495438
13.3950428055501,11.1990485772783
6.85672339908921,12.3594827619634
11.3355933648689,12.8281606207302
7.9947889956618,7.78447723051035
9.32757145080694,8.6918293709354
9.33355451095897,11.6978112507229
8.07212856420887,8.63014630382603
11.7608134137152,11.5093070964875
11.4720436280441,12.2042270393413
6.17689898876654,11.433581535694
10.8897509822035,11.5402849947296
12.6399451369941,7.24577230919056
9.14315911728847,12.2672727645501
10.9776105566918,11.8683266264897
11.3935614665841,7.37835075622084
10.8363180714225,8.77011340621827
6.39805857278385,10.2782095622907
10.9233387034525,7.29948763027104
10.1135545026366,12.1793600614392
7.66071094929025,7.99829381268873
8.10674629942341,7.87360875202194
9.18335487792017,7.78414644872607
14.8455585139917,7.04866987682086
10.5603946107038,13.1721292808234
11.0611016613073,7.01830287032989
8.96351835428022,11.0301989591251
12.7420448207454,8.3557987777675
11.9090172500958,7.8433098034418
11.2195958827981,7.55992861745774
8.05168362756139,12.2397293275642
9.01751132463536,12.3480678012148
8.86730140380343,8.83362967104707
8.6820229910277,8.45998567117479
8.11464329564132,12.7059718561707
9.79014407866796,11.9796937542945
9.19792662707566,7.36267280411752
8.70424581380634,8.25560670459134
11.0705026405569,8.26259453660398
4.22099694753895,7.5582056356514
6.66581533651288,12.5548227240317
10.1296578259624,8.02406852893354
12.0163457720508,11.3908402381437
11.3511158018347,10.5059470443603
8.16986875012861,9.27372259542177
9.89376434682087,8.54525522976346
9.44963932306618,12.0838995897771
10.0304145816208,7.63139143741294
7.84694033517996,8.35908874596052
11.3604625336462,8.25066238250968
8.03857784635304,11.7550103043105
9.87036697939481,11.2632290062138
11.8393759296226,8.17281024475071
11.2951988942612,12.496015804104
9.13764178980876,12.011179270841
5.52389532076054,11.8385690495741
10.5837648515615,8.02399225883608
8.69974867113734,11.6006215428053
10.3510451258812,12.4267958857351
11.2766049504519,8.12331777652508
11.1529240226389,8.1499169524107
10.3548055796885,7.51582114531283
10.1002166241627,13.2898213828509
10.7646874729741,11.5432764378242
13.00564811751,8.31931025042007
8.42470470149721,11.5926149729672
9.32488455043092,11.5867723910229
10.5589521441473,11.3280830337457
11.2612640434189,6.59219930993881
13.2972812312109,9.37306542769144
10.9257880114901,8.59016460645301
9.89055241369351,11.4529617112824
11.3442113294424,7.30773501650027
13.262113665316,12.2563249693149
10.6989461653087,12.0649604510725
8.69947402754387,11.2088159111259
9.98876065480632,8.75830308414072
12.1171445608331,7.17997577692041
8.61531703684371,8.10964914982062
13.4056742947594,10.3099085621888
11.2592570470026,7.71536154398754
7.92900785462348,11.978263257806
9.41330033730778,12.7747025649352
11.2006774384277,8.0564953891266
7.56135903132916,11.2522066608576
5.6160716171992,6.99955724721184
10.471826394175,11.1851205763054
10.0099544127779,12.3914945723866
14.3936234047102,8.5147704102425
11.1511079973126,11.5878530665927
9.91186951202536,8.36830691198153
7.68277569813784,7.46197181908226
10.1202412884795,7.13086197854381
10.8553106662553,7.96944174426026
10.0329521665076,12.6673983346817
7.34092188455908,8.65396789253267
13.8438509369938,13.2932824739816
11.628241424649,10.6250250325761
11.3526981008636,7.86240171376789
13.7333527601136,11.353196732696
9.33659411266695,12.2959782294847
9.25667534306971,11.6248856541986
11.2146593166662,11.5057100552117
12.3225973131958,12.0066299187476
9.55292657804666,7.83330330521328
11.1566879280379,11.6519362234446
7.67432322888464,8.26669468986635
8.15609092601014,11.6063912995213
6.3623098729678,11.5823388594758
10.2846857800476,8.04023670281798
13.3368278172892,7.97316001546081
9.70074338980247,11.4152787039811
12.2256371903625,7.69052237669532
8.04258452458591,11.6370101974033
8.55220892140312,7.34593450456132
9.10166351565418,7.58818215304255
12.7872623554627,9.29300820318212
12.2148957352531,12.1434334967975
14.2183369242924,11.3524304797754
11.4404150272139,11.9211742190432
8.67607434806843,8.05647258005584
7.59890784439182,7.20649494561034
12.3811544974048,7.32298560342279
7.5779077630306,7.30213160578727
9.4677995544516,12.012499384695
9.87141136191697,11.4887692678185
11.6347818543547,11.4054205302997
13.8997313329216,8.4744252904741
6.37836098582624,8.49188850038732
11.5774146874545,7.65152249278134
11.2158066564535,10.9926080249958
8.5319221943734,11.7877654088722
15.6831941002252,11.1221800279366
10.8974421889736,11.9484807454463
9.40135085026939,11.129520858971
9.27520385772619,11.8706101190656
8.15025757099562,11.4958494626689
10.7915191955038,11.4824520351627
10.5628295935216,8.41818685643601
11.6188193900416,10.8245854879481
13.6058817563216,8.7963504674596
8.7578060133423,7.5091485014787
12.4014345340964,7.97387349379772
6.87814684622352,12.0246960057937
7.63479881034102,12.0670902492675
10.0424632714836,11.8981270148473
11.4586671317628,11.6150646623338
10.2430537360875,11.2538183615855
9.07451125665649,12.1658183988421
8.6990184699828,7.51815842016589
12.7949830673119,8.35554798653211
8.63152149333574,7.62161703416821
11.9649305477358,9.01791767579065
9.14999358207433,6.97226230064423
14.049765512514,11.9775324446833
8.19725981340465,12.1743150142816
8.81108384776099,11.1848131694763
11.3128393007633,12.4935083248442
8.00486134931649,10.1740530906103
8.96428701127239,7.31329180905237
11.4631659003957,12.6383548567189
12.0745142464276,8.17797978630462
10.6826867560984,7.99670708983781
10.824353276764,12.1641141503409
9.71367838423987,7.86763866771559
9.01446425872992,8.57939188962575
10.1105837690376,12.6353585758787
3.63939191742382,11.8532468277536
11.2655508322386,12.219163478577
10.104650782389,8.60647480698622
6.88354082910281,11.1048315487509
11.6204968032023,12.6394885793543
10.5630297443819,7.40910243208477
9.12181874710404,8.8042247388703
11.1864703037962,7.59801774452913
11.6270415119113,7.76960925700519
12.6631871537273,8.90750671318642
10.2867979553073,11.4272724066711
8.57420403658806,12.2818412463239
10.6270416301612,7.23424565336021
10.6580494904423,12.2550102553554
9.89394486955895,11.3934869081792
8.65028659227321,7.32486221040902
9.59157044207499,12.1372263115915
11.5066207150152,12.0936217547899
12.7001935510377,7.40439383461554
9.76753906809601,12.3195393031063
9.16442412845932,9.54869449324621
8.27880964292849,11.6482027696186
10.7227217037338,12.0874204082922
11.7996808883248,12.107290723134
8.69114251144488,10.832471252175
12.2580979077956,8.36972982168723
8.45064488427907,11.9728674145966
8.10309807781109,7.28388332899734
9.91037808059906,9.32165618538965
10.9075047930155,11.7959647544622
13.3425477187767,12.1180856767422
12.9530393957766,12.2962592766882
9.30869354735071,7.87288188024527
11.3531843257331,13.2508794106546
11.1473011318818,11.5228839343316
9.70926850614456,8.07042811630869
10.1058104286672,11.4302614046626
8.79226423556539,7.60314686302994
8.44537456179594,8.29439266071694
8.35985657277663,7.49144144846417
10.6114517981506,8.15674034806631
11.5328232046175,12.5135216833146
12.2710826692981,12.9912543779047
12.5649155379986,8.00624696069653
10.5271690002286,7.88165055791665
11.7408789720154,7.82187460238907
10.6187970928317,12.8073723264213
10.8681952292769,9.2229518911096
10.8195474226941,11.4799553949645
9.18678797227659,7.93722042564902
5.06749481212131,7.88726592941542
13.5745034170484,8.86556640556181
13.2006057806632,7.17632426803326
12.2507190011286,11.8130929723425
10.7783224877665,12.2338240224721
11.7286819941848,6.67981930062403
7.44718847648116,11.4330718055297
8.37584485023869,11.5104736405796
6.05218068024954,6.53356921743377
8.15562855002037,11.9864479327051
11.7790732708787,13.7228445825415
6.59664636276716,7.26326395737712
12.9159104571897,8.82373294358552
11.8396791316858,12.5197299952281
8.51537814757919,12.9990568336402
9.72858499986843,7.23759245517533
6.56888383391873,9.37482423688425
13.494950104726,11.6153977215398
10.7793880425599,12.6125543122134
11.1043731421045,8.93005501665841
10.0529290709401,7.82972115491668
11.2948077794175,11.5360007549835
10.9725744822736,11.8113106923246
11.4539823807003,11.1881379263608
13.5870089974979,12.2032514187059
11.0676185178585,6.73776345101761
6.86947556521889,12.4726671691683
11.8638230753285,11.1856076389287
8.70494130736889,12.9275619204491
7.02615280666605,13.5809041276191
13.589682210176,8.76055628786078
10.509423359107,13.4987369631482
12.8339077889781,7.15475882309769
12.1596037792572,11.5201419039159
8.13028296533691,9.75633712834826
11.6248180914682,8.5301057407004
8.01074260789004,7.84491956103101
10.4300925197678,8.01643978657151
9.55133626229721,8.21183097914581
9.47749675147548,8.83244588227873
12.5494564107459,7.71413041285969
10.7469212429199,10.9483172259353
6.21412704050053,7.89716433954013
11.6346127148377,7.37854363869772
11.5563648310066,7.66084315567985
9.15521382688489,8.20367978960647
10.8788846438893,11.8327357558384
8.9448478025825,9.9434040965739
12.1975915764853,12.2227005131827
7.29113555131656,9.39818979493583
9.06629088678038,8.12023594770467
7.97746765961037,13.2891325921932
9.94014200069934,11.2704184533161
9.89563746139271,11.7430630688439
14.895893904165,11.4826909030752
6.28703815783693,12.0999308965399
9.73365789719876,11.8951769748896
8.37807620789328,8.03293848920337
8.06759054161543,8.35969796061378
12.6742857242672,11.1187830640911
8.69439740592943,7.98418533104658
7.37497043794164,13.0704106953359
11.170719668528,10.9047544123975
9.80124657423697,8.27406297435132
8.95717274709547,7.80687189253091
10.216213074345,12.611484912958
10.1276212541834,8.36874222395365
10.2988796296086,7.88315430770749
9.92345081107451,8.26847790091232
8.33393313559173,6.84834687680404
10.6918206411921,8.28223826303256
12.5548542131952,7.78655404682943
9.90268364170587,7.64324091563642
10.4888208900835,10.7979513850725
10.1188507594679,12.1422815709499
11.1392867017997,8.3382487409646
9.41628769403002,11.3522352196182
7.48266520537803,7.947790923759
11.5581675291573,12.2100030403012
10.8066561673113,8.10031636412924
12.0441108152529,8.26211989570893
11.4465902954552,11.1943370154168
7.69945222966435,11.7497560199747
12.0941124637657,11.9099976347032
8.00208879515285,11.8182027753839
9.36185112255404,8.15213842666312
13.5626322637777,12.5318632538252
10.0119685812858,11.5521480811436
5.85824126207208,10.9233118678809
8.46306263614373,11.7039729355928
9.32579194873647,7.77384474296798
8.55146461858889,7.86979143727503
12.8903938728708,11.3018794626267
10.690016055341,12.290583224215
9.86708374489926,7.61140079940739
7.7093809704069,11.8648969935441
8.17135274071547,12.2235725957375
10.8115618013022,7.04978003114373
8.40944847156455,8.0858843410833
9.93272752533556,7.26192640492535
11.0715367587689,7.97663757759382
11.564947942474,11.8686756557614
9.80718541838997,8.76458361483101
8.30453951519735,11.3125207517411
12.7974089646284,7.96236249368695
11.2324061095109,8.35329291319334
10.1119907033541,7.69433809576923
11.2157891814135,11.7702713401149
6.56385377075501,11.4971242624105
11.061005865197,11.1029853686197
8.30296561119578,11.5516070403855
9.56018824347773,8.10420013002668
9.31421056137509,8.06205626092438
10.2166150845937,7.32332625330639
10.9282417607627,11.7131007600272
10.3510661862295,8.86189333587894
6.68164302024334,12.3474522076098
11.0973696240737,10.9943888570388
10.7226926803497,8.67908808821906
12.562160144054,7.15404280016159
9.64235488818592,11.5724466710055
10.4672610372842,7.4109396405419
11.6209577099198,8.9818348073928
8.34721782901967,8.48406392390393
6.3462923015413,12.075532251019
11.957228403444,8.70769579397143
8.24481811351607,12.1524754528953
13.5475214823271,11.8328469075055
11.9553337443381,11.6987081034408
8.19321441445451,8.43783825269634
12.1392460196282,8.23016335852641
11.4456901544242,8.37579868676761
12.3822231962263,12.4984455528827
9.4461624343684,7.48154083163977
12.6706805623598,8.45671412009633
11.6006578090527,7.99001904244126
11.6410004437046,11.9639366239109
8.5455475156336,8.86464316608778
8.4918422694486,8.05070909479178
11.8452129447961,8.20443263892916
5.09640889687638,11.0377528303766
13.4339992483528,7.55688349548431
7.67492628097276,11.1972673133286
12.105989490428,7.8056356669703
13.6725601824517,10.9540437790432
9.59400734859364,11.8207148035125
11.3025528155674,11.829055044447
10.473689169946,9.07806924602609
8.66601991581229,8.55617780140934
10.4018790370537,12.1935077934139
7.91918568107196,7.93202211776475
12.9537470690754,8.34268214311941
8.76878494800832,8.83201850765636
11.5760998836454,10.720627305691
6.81201939301593,10.7725523968881
11.3866233015353,10.8524717216571
8.51691462386888,11.786693501066
8.63727721512661,11.8361372939903
10.1676693070358,8.27723594209261
6.32703082659284,8.58411923283996
9.64647808226376,8.75726152845364
12.5094870072731,7.91408036801708
9.08955529975491,7.47277247260275
9.86970387750744,10.8198150513198
12.3432504340252,12.9269512157304
9.56502208389868,12.524990440615
13.1339866650978,11.9421504799082
8.61997565435761,11.9331935100508
12.4487404708515,8.53390556746957
7.98828045546167,11.9272024785037
9.63065631824227,8.32328023556163
10.8990652722521,12.130504302493
12.0908281621294,12.11321916083
10.1322067759507,12.2707585352343
6.1915122323731,12.3581584240718
9.32857704671833,10.8432124997418
10.2131947044083,12.5805272741219
6.52968564986036,8.28385137658547
10.1406739122598,8.20189790382532
13.6905920860482,8.01094668317547
5.12994421499826,8.48319303653312
9.68861518304692,11.3225022894443
14.6975967291079,8.10665114981745
11.2460570182624,9.11290584677322
11.3643621529723,8.29931557924369
7.78672002290347,8.18084434555965
7.71014617852591,8.01793884164872
11.8285617734206,11.4431976801089
12.1392664900333,8.9146412146912
11.3226272105042,8.75850441260469
12.3360734112611,8.8750489102059
9.07268661798527,7.18734850519239
10.9207401496157,11.8323304076757
9.59669473427748,9.05591049182288
12.7608570500362,12.2174762025801
8.4641061139485,7.13670292151912
8.4968578964613,7.92222995023208
8.1749941107499,8.22272740700267
8.06614234629862,11.8874943885577
6.29475648642225,7.45444482533469
12.1579517803332,8.85589637786622
10.0680405248189,11.7045500422156
9.88571941538452,11.0449133746349
9.1425044544588,10.5731526150998
12.8370453670697,11.9736812454551
10.7373941305156,8.1634889807429
9.65652127257114,10.744790558055
14.631007104224,12.7110718251954
8.59744639708775,7.31686316417714
9.67007838902243,7.88467424779299
10.2971154500302,10.9967404779906
8.31855172906371,12.2368533291732
10.9921674863574,12.1924174139486
6.70951910592328,7.83808831295342
7.64797340316997,12.4422447937806
9.62275150199615,11.9284710192258
13.6439640312804,12.8816595629501
9.0112906555054,11.105248272776
7.46684113003672,11.3186521489796
10.4723519339484,11.521484888664
7.97921262141785,12.8815123928793
9.85705247147525,8.36560299345058
15.0095785511077,7.97962049468684
10.3882907348409,9.1295155163752
7.63014570433695,6.51574977905127
8.99210703947311,12.0968650265932
13.9274669628339,7.84920265480207
7.9595422672389,7.27492758016214
13.2488009459711,7.78770080502534
12.3768271080544,7.26816743412801
13.6708550605509,8.15061490900542
9.4104328327263,11.6277288162853
7.47218965356297,9.82746892331607
9.76990868228439,6.97832405747811
11.2933042766221,12.3056437746749
9.91286713205329,8.58347394839583
8.09933949843207,11.9669645225197
10.954120872357,8.00495269261457
12.3680781974347,12.2732734743672
10.9341962331863,12.1582058627142
10.3552448493304,6.96396748872718
10.2277296811677,12.5407830157749
11.5738283931081,11.8962522195829
13.0475516664491,12.7740158930478
9.70738044107909,12.1163363363995
8.76065360724126,11.0524812237789
11.6547233007731,12.2189301497787
10.3793962974818,6.43008188635899
8.88040545738406,12.4078838451197
12.0133060551962,11.9658752922538
14.4642154370555,11.6361563150791
6.21894478574667,11.8469227776313
10.0107551668347,13.1199732700851
7.49275109623292,11.8539075106665
9.84746429022657,12.6352491807432
9.24076166928528,7.074917550743
9.56254107933436,7.58721369277125
9.37849093568144,12.3758024469394
5.91358206553691,12.300387543614
8.32200395183856,11.6315770553211
9.30788492148369,8.25904012329781
12.9358807536201,13.0751599145442
10.5797558701626,12.2150935887959
10.5223496336158,8.0602414466736
10.0711082167983,8.21582813322516
8.05919883248384,10.3626248626035
10.9521769529421,7.31147047599685
11.8037877926345,8.2876799281967
8.11039153032038,11.8168180617766
12.0775656650218,7.769550066515
9.73607826941278,12.1188783300124
9.00121098790552,12.0864000677994
9.58498072108372,8.5737488238507
11.1133800607918,11.6477154760205
11.0563730758316,8.47324113471413
8.84079785396789,8.18617789783785
12.6074436572101,11.3074564696401
8.87141956534232,11.6327963809235
9.62268925113621,10.8805282937914
10.0511458034309,12.4817816044697
8.95517831925596,11.9354163925388
9.62185234981289,12.5453612414939
8.92570049109674,11.5652324667124
8.57613341858337,6.94426442977432
11.8258037570354,12.4031893281061
11.1679548196924,11.6668420102783
10.961687493204,7.72571247023219
6.73904141110935,12.2435750070211
11.060185379809,7.53101877502773
9.08326109995971,8.42938846567481
11.5821310598419,12.257147582309
9.03446725642334,12.2228840160479
10.4499844032594,7.37640762493828
10.2437281431421,9.2157119471941
8.70573337700202,7.74795596335602
9.09285051134515,7.60418093993254
8.5647937029975,7.79753711860866
9.5443737167001,8.99965541408072
9.24405782356752,8.58821895516331
9.70790840489894,8.51882573795095
11.7378658991912,8.06013870562126
5.57196474482329,9.55624344147636
9.24723527444179,7.76148255349901
13.0997400217378,9.28228178939251
9.74203083087714,11.9210725177343
12.3672098068042,8.00504509312414
13.0954378562843,8.59044865269132
10.6729923450045,8.63625538996126
7.7717079271359,11.5491206323879
7.55662199438119,12.2840220267815
9.44986557016838,7.68708195748755
5.66274191248517,11.841411225193
7.62464976148252,7.7299763822413
10.7243784627676,9.17830063164882
11.5641800120032,12.2494083369087
9.63688353001188,9.25702724345796
12.7328952905021,8.44594894861676
9.42313758861615,11.1792861776093
6.52444821516236,7.46400638904767
11.3914092064094,11.3501812665457
9.88049586229078,7.29497964009157
8.988771571502,8.20951827405746
9.05971435310318,11.3785073396699
12.7553911312134,11.7783489428266
9.86459414405353,12.5474474213078
10.9564535872391,12.2862959937117
10.8181417258434,11.4554139758805
11.7992505628392,11.7604869486586
11.0843377055792,12.1561529977449
6.67478810511468,11.9066651428312
8.69658396212331,7.4195818115848
8.15486528283603,8.73281654978339
10.4893793400831,8.08899678135969
10.7250397725375,11.236669195549
15.0216912620992,12.8059576297705
11.1207154953973,11.4605071083738
9.1839784415989,8.51854797359981
15.0139266574385,11.3305426022679
11.7577021479811,8.19861034843988
7.86597829737898,9.56335453421432
9.41382248319297,11.0503861638904
10.6695990292889,8.24826585124734
9.75188060735188,8.11706859649947
10.6295224134358,8.2220849958084
11.2140584148596,12.4694168612945
9.22948894711857,7.30653844670282
9.57655581796024,11.2923863753221
12.7536376238454,7.89450528758219
8.24444475434637,11.17393081169
11.8914998773888,8.64781727555166
10.5246554086079,11.7156385372575
9.80053970785062,11.9522952761868
10.2613762231576,12.9496595542754
8.06407889970828,10.5863514470207
14.0328949479476,7.6277658239021
9.77992860702777,11.8206182456637
11.3967404106147,12.6139549938367
12.5831445890116,11.3362548390171
10.7085543085538,8.20988877455185
9.90266124373313,10.6052552735021
9.99090157208853,8.69821741021173
10.5806283329432,8.88661966120466
11.2522054838887,12.022020423164
9.54404371132086,13.0841520294274
9.75408875083822,9.07978801417817
6.34969321650882,11.5451834694805
12.5279298740927,11.7035653380569
8.73585564724019,12.3747339955011
8.72334837785687,12.2309524013977
11.5199911619369,12.2033984142476
12.4953134385356,11.6099307006605
11.1096662556055,13.2569517982162
8.40507249316742,10.3986794414195
10.1275855236988,11.0693858798612
10.8618268133188,11.4836910003858
10.594688990847,8.40469532020362
10.1435318770085,11.5734703137846
11.1588351735715,8.8935339101949
11.814568537784,8.35788893672976
12.5001509109697,7.69664889518243
11.5699300132853,11.4456125975019
10.3952687036121,12.844942040022
8.09806112529797,7.15833707037028
11.7161593810844,7.0727074061139
9.64744797348311,11.9729474703976
10.9049427024314,11.2850728249613
7.59900690048467,11.3159167297866
9.93170037742654,10.9117403293387
9.451947512859,8.14114721611623
10.8118368480715,10.5093417702127
7.40795556895287,12.0994700241534
13.5016585461407,11.4864670610584
16.667108158345,9.49138142920876
5.69350776375117,7.17062096687627
14.3300693773656,7.69494220640982
11.2766780020661,7.54803119853637
14.8936945832559,11.5550225119376
11.0930514818352,8.11456787201122
10.0166688438089,11.6807561299982
7.08778241331958,12.0697257867559
9.57700961282986,11.4456650109815
6.86113253093291,7.03973056808262
7.92440669250253,12.1463670552972
9.57499587412618,11.8410213173246
11.631131412406,8.569763650468
9.25110904638891,8.26525291980114
10.9303818991493,12.0024960776903
7.382624175218,12.2020666779477
10.919550750722,11.4659036017097
5.71466230992373,9.20811540684671
10.7037944275364,8.10818901600815
8.97359311226051,12.2372587854626
9.68714441328834,11.8086401895485
7.68719245902712,12.2911410739709
5.52038773962869,8.5611570718672
10.7456796931233,7.30053623022735
14.4795006937565,8.39742884119239
10.378112238519,7.63068243937315
12.1177107070182,6.76609103538323
13.0161214858069,12.4370601754464
9.94514397590359,7.62334579089014
11.8118447735199,8.26747153151428
12.504135469733,13.6673494752937
9.71011480220658,8.82608316307892
10.0155499287279,8.26092056083093
9.16200949942962,11.7024113582623
9.90263916092082,13.2616081629368
13.6286447204139,11.1104436881954
7.74861187375957,11.8523448556114
10.5899483358117,11.9447745178753
9.53214356104669,9.45212670037827
7.83641682644179,12.2013241477603
9.08490003199834,10.9446880137873
8.73365587439925,8.23175272703731
7.19396147015348,8.48593889549055
11.7244932432657,8.62326392617948
10.6755055298015,8.27149504366187
6.78816916413702,9.06562415404746
12.3586252969313,8.75656755050681
7.89713599635981,9.06529471765771
11.9840207319535,12.0885336231283
10.0714117987178,8.21638138773526
12.3118593787254,8.44851718293527
8.83006794723057,12.7127965956189
10.0505931886575,12.5764675921196
6.44319236655934,8.3366231394764
13.0656931507385,12.1883418070135
8.14089329366911,11.8415312300448
9.68572224670172,11.839915845914
12.0877033785167,7.55059950936098
7.54481877023885,11.4140251218815
9.12848824823327,8.20080393040992
7.26983749810386,11.5236291863095
11.7718323833216,11.7228029955796
10.0997302403815,12.5902947692217
9.46833046954803,12.2346978328548
13.5749639600163,8.01729946224423
13.5971491968129,8.44417986843066
11.033086643044,11.9142968893511
12.6954503930214,8.00866835378661
7.93508410720659,7.47250201190733
10.6721131108021,13.0371461296848
13.0964448259113,7.52257550855238
9.33517491552417,7.46459025977833
9.75673206166045,12.2196729796009
5.92068042566257,7.37128572061437
9.03461859063454,11.8230013485263
10.7049379794753,8.15161767657106
10.3472109418436,7.83620541010637
7.78316777362056,10.8315645174801
9.01594471648464,8.00034724869369
8.56848814187311,8.00885252295292
10.1665773876061,7.5983441469248
9.37743311381877,8.36819435302293
9.89248080577289,8.91010602761354
8.82481229194438,11.7205561169652
11.444824989547,8.76390032462225
8.64818060912015,11.0175181860536
12.0465484006687,11.6071474430659
12.5436581845286,11.2244582809272
9.48575559841455,12.7334591232306
11.5955862959108,11.3349567264796
12.2033841704398,7.25216962810988
10.5858537218364,13.176079101056
13.4857395186787,7.81390366336658
13.1980336605604,12.0658088205796
8.62985005703577,12.3046165645277
9.35611883035601,7.39756758266831
12.7493356187804,7.37576272248032
11.3881277443078,7.96490816544294
13.8088895855177,11.983505366397
11.2165714274923,11.7856168710003
7.40844778351905,11.5040655829254
10.3992829002256,9.1286030856319
9.33239512415988,11.3373638203374
11.7382794548363,8.74767579461256
6.68856180612939,12.6970796787219
12.7130753141086,11.6237638519791
11.3603651956294,9.43432319517841
9.63608095952963,12.1986016686017
11.8945887524132,9.10880747358097
12.2534355865694,9.34405894277677
8.30081195180755,11.4172453126177
12.0730871931778,11.8762313759791
10.2712896710453,12.0813236207472
7.6179350789747,11.3663003066074
11.6723694148226,7.54748164985637
8.28678233959628,8.61137061994357
13.1687322878295,12.0705392959754
9.45553540214294,12.4960251992212
11.0130925271996,11.29360759491
11.0080053937355,11.7617766074297
13.1667262325915,12.5514732122221
12.2610745959169,9.0110493437154
6.7987101524341,11.4277995178588
11.3164946539016,7.81263960356263
8.31410870889396,10.901053862721
10.3765252672828,8.36343013586498
9.65266078364977,11.1287484623488
11.8202991250928,11.3375008539885
11.3085672766728,8.50196540378955
8.50299530172439,8.34998607132194
9.64530909626015,7.52793909469249
13.4293777822311,8.19995216913157
10.8069359289046,12.4116527378807
7.78198053666526,12.6980079101969
9.27353476026507,12.5991249772945
8.08307698735943,12.3004699566389
8.50944275140176,9.19378294799334
7.37918979193807,7.88075740927822
9.81893533052672,11.2888841729747
6.66437407837339,11.3851812526371
8.36238978183092,8.5684783877906
9.96819225203228,8.92632012117699
10.993222466909,7.32681591462353
12.8518211410741,11.9395616156238
9.59766125119297,11.5197762981849
9.49685307103612,11.6274726846924
9.83208832092584,8.25066528918452
10.0947750997584,11.3125162665398
9.81244715404436,8.2203204720759
6.66140310740775,8.65857788191076
8.39137133366071,7.58128331312631
8.84407792571772,8.79915405602466
6.87619411410437,11.1844116348893
10.6447009747709,13.0017749197923
12.5044046490164,12.1522893337146
8.05752002887848,11.2162704083679
9.55858289102964,8.60847752465171
11.2740400979458,8.1822833956593
12.355801688355,11.8381711556605
8.88370880587808,11.2142538377069
8.15662375436452,11.5655944900057
9.04701854395363,12.1967959760669
12.1419647339671,8.70099888061677
10.0884289656271,8.24635285189364
10.4034899831806,11.5038023585495
11.7162503458086,11.9540304890106
6.8124260188223,8.6571213711691
9.75781237413026,8.79024394598121
7.6162112470281,10.7570833915733
10.5232681927704,12.7176615647209
10.7854069948089,8.85338558332497
7.95988508457953,12.7011993167557
9.20392061895481,7.99661960268033
10.3076273085904,11.4351518628787
5.06670558974937,8.18565862645199
11.3191773791451,11.8378701894702
11.3583847532884,8.45298595233953
10.0868184381955,11.7347944704132
11.5128163516825,7.05049872487493
10.0656367455961,7.82059042188258
6.5935386093422,9.28862634328313
6.20224728162708,8.11554040650867
8.71301601703696,11.8691769650374
4.13615969797131,10.1619322050708
11.1248880932004,11.9273389440869
8.27262815938134,11.9808243450629
9.12278315611811,11.1615894008072
15.1163425029156,7.99277859329016
9.07857150295981,7.84700100043619
7.76315305446203,11.0433045331371
16.714042617822,7.23933454228166
11.5849527182984,7.7583749224488
10.6159888166113,9.68133698781361
5.317131994252,9.00811668450626
12.3343061332329,11.3866802015332
10.2946265187669,7.72493946327075
9.7495389096486,9.27110183364717
11.330381210342,11.0837659469163
9.59132884092218,8.53828233874206
9.457852434147,7.51323696484101
11.4640343656867,7.96689652382166
8.43991186610127,11.7472586258557
5.01684306852632,7.29383089838352
8.54025160221073,13.413115386205
10.8300203017703,11.0477771364779
8.59897712210638,7.94820371982429
6.78584794042361,12.4379810037791
6.31600362867563,11.0900674247551
13.6550664765738,8.37412786109357
11.3208438842767,7.82553937210944
6.42525280319852,9.28459027762903
9.83371590512563,7.66923542776202
7.95618696238373,12.4923016810966
9.70555782846102,11.3234001593625
10.8374476784398,7.82759864519197
9.92357430943684,12.0471032620071
9.37224137847393,7.42372958574532
11.0735878377585,8.03449274247312
9.37882655557984,8.87821763251298
12.8918906911812,11.6571085181041
7.29280686684913,8.06030077785698
7.31988050422975,8.59210521304354
9.38813392138541,7.47302520739796
10.5084176269338,7.1882865362188
12.3930194197096,8.70051145691665
12.8943619974439,12.8757722091219
8.13618197779591,11.9061215932362
9.91784506439144,12.8553377024296
10.7640261631357,8.6915935278812
11.9750794309494,11.3889217842109
9.23090667919701,12.0748884273997
9.64882370175721,7.88120432649979
7.9160063340105,12.3586766719346
9.14542785132558,11.2412508506643
8.94834007414685,12.7729920121836
8.32938546502828,12.2334774979223
9.21250902925253,7.40384795404355
12.057699652776,8.42604431724062
11.0664419977671,12.7970486851143
9.86598264361402,12.5806134717348
9.34696880424328,7.82757909386228
14.0242768272637,8.48831265234307
7.55753660997521,7.49204858863889
9.70720557933604,8.43188407782931
13.2543945830304,12.3181745826322
9.39207816850238,8.74053465160508
14.1239917460129,10.7433149215025
7.74579809437739,7.45991553542034
14.7289820299806,8.63672381439028
12.9883836850308,12.1922233493349
8.84011887291499,10.9535531390181
9.17934336413559,11.5618828315701
6.87249838582234,8.17432877396189
13.0060591280349,11.2978393880497
9.53618359693099,11.3960931839604
8.49420586294152,7.37934633553026
10.7138501168501,8.19794168576065
12.3539040249444,11.8558863239417
10.4821697961322,12.5584779439252
13.036647233503,11.6318777568288
9.02118159160823,8.79385689405546
11.8608294998843,12.1242733732867
9.67550592557024,12.4148955045849
11.8980342904421,10.8666203950569
13.6229082555896,7.16204814758769
12.0664773203494,11.3600551620286
9.97227435440755,10.9249080043573
7.33096433215572,9.13897687112175
8.02275708945955,8.39950021019309
11.8701292637665,12.1800304315813
9.3937535064252,12.7277871299756
9.10994216354888,11.4412685159167
10.5079591991323,9.12614935703907
10.7997200564536,8.01182311931731
10.9652313855539,7.6575487773265
12.1753247458732,7.25955804663788
8.13892968208999,12.1952565492802
9.48227658312985,8.79922964122907
7.88774163198829,7.72245920849488
10.5437376810128,8.24390115999315
10.2981000392934,12.1715394826862
11.7449663433056,7.52741879226438
10.0256360047641,9.79535516499891
10.5818791700739,7.98805862069203
12.2723696354011,8.23519862638102
11.5642278973812,12.2478085961269
10.936852956453,7.02533350381801
12.5432405162023,12.1745184305752
9.92391063891895,8.46438601018382
11.3774726903547,12.1987826418624
9.82795114869409,7.88836637136336
11.2850673776572,8.48677495946413
11.3444492876602,7.78261114076792
9.58303754596284,8.90544785903136
7.32148921804823,11.6205532914089
6.63320029907439,8.42434933728955
10.9355409321207,12.2026922364582
11.3068029120001,9.23819375078912
9.29288710179533,11.3394477970472
7.892722895914,7.82737407350925
10.0436351783291,8.93873563208034
9.6831400899118,11.1399470386706
8.89736346061451,7.87367447092832
7.57839424314667,8.13155834393698
9.66236903462486,8.21038422708271
8.781499189082,8.33540875240653
6.24545620917851,7.16736116732355
7.51588208252193,8.11736418815801
11.426570064758,12.8296642272118
6.22685450485921,7.55171879651396
13.3820692139257,7.6397228835113
10.4711579200507,11.7825754444089
8.14096715405942,8.3312861394669
9.4964356176129,7.96609598085099
11.7801378858641,12.6618357235221
8.53509132142693,12.5265593180513
7.77539978796045,8.64140728374195
8.83449275729036,12.0477050825073
3.62867587885047,11.3486823427286
7.98055735650617,11.8208879676382
8.97736118860169,11.129929382539
9.94238723553012,11.2011767756046
10.863124637901,8.83933404148446
11.6831872632194,7.54403589159558
10.5550618831691,8.80322177607668
9.63654796086125,11.5253468208675
15.8359758982569,11.5580241603158
7.14101187369212,11.4058940471225
6.86695941158285,8.62828275185964
12.4979665700374,8.59812477968178
5.51493797959115,7.25212068258993
9.36813917409017,7.54175166105341
11.2454190287866,11.3242803946079
11.8528892346554,7.37676507930361
8.62581185181935,11.6374024726463
7.28971645804282,11.5278615864705
8.37973850202005,10.6086467670806
9.27348304151894,12.6052677612773
11.1397433785391,7.41536740562049
10.394059083557,12.0756046161863
8.53395387184452,8.42682481873188
9.76483865783919,11.9807707702314
11.9043065459438,11.826013987256
8.59395352472355,9.18528916725965
7.40319588089297,8.78770786590847
7.57908555594489,11.8232523026156
11.2063494137082,8.10696554179922
11.5164487486348,8.67243876394478
8.39599476838705,11.9284392845487
7.33481552633324,10.9875385586235
10.1015584085964,11.6494247183504
14.8703420351304,11.2114628372166
12.4852029460476,8.73729032299723
11.1242437460333,11.9256158213514
10.4548437716044,12.639975111627
9.93305119586789,8.67745227413707
7.02941536800205,7.45366850022205
7.85739746253607,11.7448746583281
10.7309077201048,7.88771455687012
11.3147742491413,8.29812585363781
10.352762240471,12.0917400115591
8.90998266139023,7.16053457887482
10.0469489196023,8.60373974216762
7.94432151156932,7.95769821083827
10.8482774541277,11.7143905598765
9.4179080428131,7.56160278743002
11.649304606165,7.91565875058432
9.74443938918589,12.3132593650554
13.8673158431787,13.00494573431
10.1500774821733,12.7001123190346
10.2638568967624,12.2199933273461
7.75619177192162,10.6985685196712
10.1308899706008,7.2897242525528
12.0481769297384,7.6937446658656
10.9876060373308,8.0136134959632
8.49378559643925,8.93258177298512
10.2839726160216,7.85903431417449
7.05902562156081,10.4670908432562
8.26170513513244,6.47935892724107
10.3338686938782,7.14360545203384
8.55752830325381,11.3493582424947
7.82997070599215,8.59209704316446
10.3224131832033,12.1192913664923
10.6117526715996,6.96229012695771
11.8965636830685,8.37689130573105
12.9164228189531,7.74987569977729
8.74016312886462,8.13985703206248
8.10989958261582,11.8363514905515
13.0939930180916,8.159154205893
5.84597340172295,12.187250048385
9.41507492067751,8.32082484178006
9.212934484267,8.81952197840254
11.9628649227585,12.199811883052
8.3849886800175,7.72049574365544
7.9459512283101,11.8225134990842
10.4340267972098,6.16169283358672
7.29934171626743,11.7046671763984
9.92337023873664,8.19784054778332
11.6269168410891,7.24662946556566
8.7279700786611,8.34831159835153
8.09844746211976,11.3069822206356
12.0767589090778,12.1520523219763
9.79690625823312,12.1234055743271
12.4754545705235,8.88072326580502
11.4684921573775,7.3467275136105
12.7781124829852,11.9038000618224
9.08203072462335,10.9773523460642
8.91244206927767,11.0323906859381
8.12943803159178,11.1721509398853
11.8311183126394,8.63867527864301
9.87775789165292,7.77518191913267
7.38583846559066,8.20357118012808
11.4583622449639,11.7186734292112
8.82443167099741,12.4854814132256
8.51862782478437,12.0115739820563
9.58317839157009,8.00671319048068
9.82425786761648,12.319655847193
7.41419695345333,10.5085136582035
11.9136248028495,12.6853820970956
11.4757437220165,7.12591237468023
11.8150579670688,12.2780736716505
8.98170530358709,8.65582026425339
11.7264571399971,9.17675755871544
9.28175093121611,7.63804740095378
8.57097180310634,7.41455961950643
9.86455370546939,8.57626835050556
8.72279165655168,11.2705424417141
9.51841765169411,11.6409512156403
12.1114982508852,7.72725914981607
11.5964359101894,11.0725151263276
12.873517455375,12.6400137967584
12.4102790433394,11.2038322428227
8.7536908502268,12.931565190922
11.5700126061747,12.5420526065396
10.3982667923372,12.7236052288923
11.4597921516587,8.58272024994778
14.7588924130363,11.5517140846554
10.1727183523727,13.0584104250349
9.93441036292086,11.5915928161292
8.23479360830182,8.55644128130001
9.59365955367537,11.430963695729
9.10703551369676,11.5283527234704
11.4969070577282,8.42908442900595
10.7941725049676,12.0840754907414
10.4809672693449,12.8881554814045
9.19288574061835,11.2775354145155
8.64140016585996,12.1425982656483
9.03213725321723,11.5167431171608
12.8233077762711,11.3917128233415
7.30165260043861,8.08380043663527
9.13303287328108,11.547838339732
6.96508592358694,9.27245933739069
9.44694480433209,11.8666523853596
10.6914361825566,7.08848091833711
11.0050774703982,12.997171598905
12.2638051435438,11.0937834078274
7.36555619185311,12.3886830595368
10.5675890344922,12.2913680315741
9.93875351651703,7.36104521878655
9.33117994630624,8.44804942921228
11.1846054510042,12.1588948567311
9.5236524578344,7.76827048660034
9.60650738422668,11.8089784643262
10.3239098467748,11.5159956501923
8.86913557071086,7.94442234077273
10.1784045677923,7.95273754557362
11.1783088256363,12.2175791272124
10.2214747139265,12.5460048439566
6.60855215265862,7.99521899526591
12.6939413136149,12.3426430681088
8.57924655147757,11.5828072861765
9.03330241640911,7.66594049563206
9.11055880847016,11.6056916034907
10.3396747014614,11.9522605985413
9.88405598896324,7.23787622637373
10.8477994904738,13.1237563976588
7.06878420815754,12.2602744624838
9.2190073966151,11.5219858939913
9.17384867083123,6.50839173953355
10.4720498211646,11.5730648661757
7.48021270728449,8.7087451123111
10.7914920439634,12.216223131237
11.9911184953487,12.1707076714827
11.9359373903183,8.3254041736865
7.68499834333517,11.9408890445096
10.0539586858097,11.6357714133203
8.12797555510195,6.9704822023161
11.7872563043882,8.45808090828588
9.35095809206138,11.7408715634978
9.16234742312024,7.7212666973187
7.87031326630805,13.3257615307958
15.020207576046,11.3846919916139
9.93871660583993,12.2953857123935
9.52148484784575,11.7882668727246
10.7789353885563,8.4999715817988
12.4200931442015,8.49595701247876
10.6032098260408,11.4870574622525
12.7090285380309,11.2081197978518
11.6811062068833,11.8569451675757
9.78679928919518,12.3179688958792
10.8521853340837,12.0161824502395
12.1252258669034,11.4677944617812
10.8574520549402,7.74777284785389
12.3280526265466,8.14459670111315
10.6408246688198,8.34960516901994
10.3972014160917,11.7762833613477
9.50512910489136,7.3417267066395
10.4477100641981,11.1598069625562
9.6573232522798,8.67204186540118
10.9934212088954,7.84491245502333
6.41792068087868,7.64544192994841
9.7475172817171,8.04503772165888
11.9370219043783,10.6583858661798
10.4635548890908,6.97902483213529
10.3703320901873,12.3273351019923
5.81674053540023,8.57837535973904
12.3142738995548,8.90215485279368
10.966290101888,12.0984769678663
7.80721249105229,12.490045306201
7.70796197308055,11.8072394225134
10.6605962913328,11.6129832382574
11.8057176830492,7.4109921085201
9.14773005285641,12.1933906654919
11.4623781599194,11.8331526875608
10.3243641913679,12.8892941398233
11.0210631870607,8.70368557329856
10.0098739883761,7.93440083407015
9.08930648322586,9.47811230935723
7.87189785091751,11.3506858163504
7.19664668466889,11.6921020513355
8.86704262942345,7.84045321387578
9.3842925841685,7.37807721930293
10.1256997553759,8.36090292122748
10.128800208575,7.09009202546826
9.60501942279993,12.1700790067541
10.2084350044929,8.26064818350585
13.794312813861,8.264128363891
9.26625694922736,6.39915624180835
8.27638963607518,8.64203828051862
11.1564503820026,12.0911786845083
9.29748376030233,7.50386151535257
11.8531928158367,11.0799401344555
9.28790726972011,8.14360454204674
9.60535578961625,11.5711197412281
11.8606939591087,8.63380263609503
8.8338640317548,11.8634332194151
6.46248562487725,11.6802895975102
11.0374260210112,8.2403511739434
13.1438780854807,12.1643132177438
9.84085325299298,8.99155206748432
10.4316639348499,12.0671073561954
9.44960231913282,7.6999559691853
12.0700138484969,12.680437383503
11.196498022853,12.783605723059
8.42758562275925,12.0028534976538
11.4555635434984,8.5764911673402
10.8347524313601,12.4638283881238
8.24183683345665,8.00599607818139
10.0171737772634,12.5871119346153
9.15986632308964,11.5231824715137
6.64804304291566,8.5533079338866
10.4054133751716,6.81904112830303
9.19343179370113,7.75895847898276
10.3076244429834,11.3323318579897
10.366601533369,11.3014757322692
8.46966313398797,11.6593813092737
7.11876468916481,12.0160270498774
8.21307815981389,6.9639807441424
9.49260640306103,11.9672310431989
9.62697702791715,11.8760537006769
11.7565755157677,9.09558319112581
10.4136429208559,10.8092350885477
13.046740883555,8.38123488698527
9.06103646124311,11.3148104236383
12.0158753459583,12.2590100744655
10.1616695229087,12.3093515514329
11.5496869784133,7.88258723931258
11.388517356433,11.2187860234485
9.54823716854603,11.9466151462106
11.2628954848446,11.918932758068
11.2750785159334,8.56801110764842
8.37819760977337,10.3988669156582
11.9947237396924,12.5603739335212
9.58901691947623,11.5108834021425
11.466427191573,11.8421903247898
12.4222234932076,11.8773320104581
9.11989545564219,11.673983051382
8.34316272180798,8.10406458287193
12.5265978095458,11.7494519862449
8.06401837844874,11.9890091101982
8.3136648100515,8.30588307740278
10.6131746034074,7.97404782052599
10.8993471544063,7.8586676730547
10.5893630403594,8.41686663038893
10.4842588284872,12.5254366566814
14.0949169981265,8.21334520333247
10.3116643233954,8.78653069111497
8.65716399339411,11.7127349893897
8.73698598169115,11.5482646023077
8.03080155438247,11.5187547340931
9.73832543369461,7.82706689868813
8.67279057065525,12.1315780653881
9.93274670029069,7.83652745314443
8.7682563223222,8.1932640987304
12.2102385912927,8.16850598494366
11.492676649914,9.33850337264043
9.57140273405089,10.5711844203751
12.1655914600064,11.0954566674873
12.4515268546623,11.4165627382874
10.051436488537,7.69995748618774
10.8331497430941,8.33274753555143
10.5076479353871,7.96630381968097
10.8492983592994,10.6900595784071
9.93975658487917,8.69513463083314
8.90950068271577,11.6227280326314
12.8643643980633,8.18326482511065
9.16894522678505,8.26819622819491
10.5626540033762,8.76796920450187
10.4091576759216,8.61207975702967
10.6316467538598,11.697795861235
6.36976378435276,8.58574476751623
6.15433257949932,7.35694663594006
7.84700639514564,11.7686228981525
8.00576270547736,8.43618828544015
4.28702195358787,12.1717060817929
12.4817014451224,7.08379541623359
9.74373552247861,11.4640035790718
9.4342215303641,11.8715510563765
7.46829334230322,8.61569380359593
10.2451332440309,8.10921624244821
7.00909167888795,11.3460584817304
7.47725511545367,11.7060318860881
12.9268776190518,8.15711701165803
11.1134685843807,8.65449569703977
12.4528287441484,8.92480776240678
10.3811901280222,11.4587680311338
10.1053118829903,12.5383422313097
7.04627671266924,8.94288962833371
9.02362330061437,11.1167976765893
11.1601539951656,12.1492690986335
15.477838500848,11.5702718704521
10.1512216354575,8.06172075364895
7.95997161520791,8.37182463194796
10.1948389576451,9.08742429676057
6.68666251571102,7.97080734891903
7.1583247969783,12.7834392912912
12.9426211467399,11.6844738409005
8.46502402090461,7.31062796274665
8.32414763708922,10.6271892842658
10.8306318533969,12.262570446907
11.4581358299919,7.40512303616566
9.71878672243725,8.43242083551363
9.42468700808009,7.160878139858
10.9003614553105,8.17459942207028
9.35758831172636,11.6608963778729
10.0588224465727,11.8201679161445
9.78647036047302,11.6480238143302
11.0522420022465,8.76277332273829
9.11238361111172,8.83308686046239
9.194008422478,11.1973382523258
10.3991573600633,12.4904009864128
8.3359619939999,11.44052315366
8.76518185915128,12.2830667391505
14.806361500818,8.1912917489586
10.5459096857572,8.44533463598449
10.1966371566128,8.65703669823961
9.6210687951509,11.9604996858606
8.89818325211457,7.46774776346482
10.0283956044741,8.30817524765333
8.48893422628155,8.80072409645122
11.9389194747168,7.23659099384306
10.2451818705965,11.5403363782428
8.97758178864222,11.9256148639385
12.4387129992027,8.56535821062135
11.4352622515788,8.93841321390151
9.55695830727675,8.04018076331378
10.7325145908231,11.9893839712569
11.1049742590118,7.23768957382721
10.6077007799875,12.5509352298585
9.46559971180971,7.42067095493963
3.32978317705708,11.8367251774759
10.8500458607686,8.14606048582578
14.0126619495332,12.3796682170167
7.53207799547736,9.05624021558346
10.4915455842851,9.12613539303996
9.11267598266196,13.020000450924
8.56416194287766,12.3463699602586
11.9105422637507,9.01467957094993
6.19972457868429,12.240457342097
10.8819450856759,11.5122445847369
9.24021209698301,11.681965515822
14.753519144325,8.59727113864058
10.8402648532661,12.9215225538362
12.1345888986481,11.4150045478411
7.13654298744811,8.68258232125851
12.2751719842476,7.57098071303135
7.25775702943849,9.17507438175429
11.3496251993354,8.39047024506587
9.87896711115588,11.8977135374126
10.9546071757388,13.1153570977411
6.4888710571999,8.13748130378859
10.6213559593421,7.50883119662219
11.085107794454,11.4347202858818
9.65755253911631,11.4579741195225
10.9481275082261,8.29961013978032
12.4205333014544,7.3370706214421
10.9083300017953,9.04691086993313
10.5910013661512,9.77921750881495
7.6088410493625,8.41379245235922
9.0245953374537,7.7814049297593
11.1720372652664,13.1932969810072
10.048081539862,12.4275777297017
10.0959774468504,8.2729787916612
14.348421479098,7.49821079907751
12.0324508168807,12.551739503291
10.402789535611,11.4618452510424
10.2178451693712,7.2846306338014
11.9485328724735,11.6290858702727
9.04520030148587,11.3042402183528
10.9398341938199,8.62681796951733
9.24795447225025,12.4999186822582
8.56133090084554,12.179827241154
7.9386762351546,6.93690469382581
12.0818506702933,11.7223411225161
12.62387015475,8.76533292990703
12.076814752465,11.9197033769847
9.56056083257915,7.89222869518386
10.0494798802658,7.56757804360404
11.271877698467,11.9261103396953
11.1751692972582,11.5647570736894
7.77425831742105,8.17899679460144
12.3554773166332,8.48659704745197
10.3901485934831,12.0737036981719
14.0827794448701,12.3705217838675
10.5467965370602,12.6254524580352
12.8752302398063,8.41801427471952
10.5210822060093,8.67551501061891
10.478142132235,7.79625413886664
10.1815768993839,7.49905466291947
14.532742623204,8.07742198114342
10.1209967541232,11.4330628124403
11.7115779475883,8.02359181310642
7.20382089058119,8.49046237684399
11.0062862228235,12.2663151311708
7.38604773801984,7.69238718812013
11.8454916998405,11.4351261837806
9.26101653014876,11.9323006488298
10.4281882263601,8.02157191300355
9.91518477599715,7.57590009327963
10.0072611074973,12.8469497500841
10.3396696172573,7.94644809912434
9.38420214429069,9.02124421824455
10.9553842313099,11.7702013075021
5.39830106258768,7.98668004626785
4.86653658684545,11.8092626906916
13.2103218574657,8.48881919390728
7.17352491425475,8.4953705815749
8.70024871472975,11.884115289056
5.76078355971509,7.63929906989882
14.1559717161934,12.2978088591806
8.99006256653634,11.4810401798732
11.2651419946984,8.34987870609363
9.61009544766378,11.6636041267288
10.3004724512623,11.5834294654096
10.9289156286864,8.15722792249423
9.08448826548082,8.09780384470921
8.20775047810091,11.5714865874226
10.8554218601235,8.37521807172838
11.8104942271428,8.32685039241361
6.88138099319337,7.53753155397525
9.53543435419828,11.9142542484659
11.6863863354694,12.4092097716046
8.64779359309474,6.85100741556034
9.21201262014052,9.33768530666925
5.71600809414857,7.45252413504009
11.6189637886886,10.7716828145416
13.2798599839748,7.31939783842482
9.95837281677792,8.46030661158411
11.0137693387595,12.2633790550919
15.4657332704489,11.7545511992703
11.9815900714614,11.8953083315357
8.55862882532953,11.3666142317372
7.28267845636675,8.30393278265043
9.53265282986826,8.25319863423315
7.5501919737463,8.35082836755254
13.3361130213307,12.3222371786668
10.8083737757636,8.38407818559866
12.2425524281265,12.2374136506876
10.0670452743876,8.39778518176858
10.9890589852863,8.62026233342296
9.10725035916323,7.81480779400498
9.42341204449824,12.2264364897292
9.81655774071901,11.4860323748416
7.14402813030627,11.6650993884166
9.79530495142921,7.94137373243459
11.7077264988482,8.60449496149401
7.93354329917492,8.81453327520992
8.21292390570936,8.5599371902487
11.9574655668642,11.7492037379987
10.5432476371744,12.2957497319581
12.7882814737258,7.28613354493547
8.55437022058276,9.05463148447951
10.3624480794635,11.0755369806806
9.33595528293633,11.5881044709476
12.1608933410882,11.3035250646105
15.356849350205,13.2064821171723
10.5695524117432,11.4646150031223
6.34788498310361,7.6070152456373
10.2457298037861,8.7326106807672
9.43592413734602,8.63374953811632
10.897066394589,7.74780358161979
10.0939485023471,12.8597108276425
11.507506211363,7.55382826629643
11.5370922879053,8.97778592358323
12.0011324886087,7.90991762768911
12.0098874716857,8.51278430190926
11.8055921334172,6.71325436418116
11.1810016853156,10.9351732354447
10.3747219622078,7.55489073537999
10.5218719432961,11.8453757445014
8.4210948799626,12.5581254870402
14.5409768931091,11.8182365235482
11.0224332918352,7.74591236981115
10.7293919673242,8.0238318285278
8.75241636834901,11.5366590240822
9.90429340131668,8.2031608855417
10.9587038753798,12.6400716719307
11.5741765914664,8.01564567087395
10.4306562808272,12.4217897622914
9.53203853532032,12.3835657110079
11.0379606751522,7.879114167989
9.22371685038387,8.44139927205446
7.82437918248718,10.8702568285452
8.42594998901144,10.967003745994
8.97198543226306,11.8567877097744
9.30961459251798,8.32868133690155
10.3161062327635,12.3779481415095
6.27626571850739,8.22519550148847
10.3349858195629,8.61766354391594
10.5404276348151,12.7744138960068
9.96531752254805,12.6345565859895
8.71938923336433,11.1456386101681
9.71266993124236,7.51796149546467
10.914237523283,7.98687748425854
7.64587579154397,7.61162279038312
7.90203060214142,12.5488854059878
11.0620080672028,8.43217770781625
11.8607636435272,11.7492001190905
13.6852979820443,8.9534328138877
11.5898191113222,11.7614885039167
12.4244534908257,11.7015338752311
9.84038104977887,7.92639493801922
7.05548155420961,7.91803920601805
12.4009660701423,11.3892439577869
6.04867168889066,8.07374690646028
13.9503061691434,8.45748432252211
10.9952039313955,8.12240189152288
8.32523999187202,8.32838881892732
12.5984294388507,6.84268639044121
10.0973995848673,12.0549932804044
9.85273335071838,8.68053836628991
11.6674927461318,8.45298665510741
11.3060560406828,11.2760012301843
5.03754696349317,10.5553455472069
9.32472525178916,11.7259372741264
14.6203658103925,7.31895051556981
9.89092638013907,8.64871052569473
8.65926732357813,7.71919934304064
11.1308545138317,11.2395253870655
10.9479670135823,11.6906265458096
11.0980076690906,11.4985610078726
9.51954972125539,11.9461086560732
9.73926831745271,11.1821037190255
14.9911179823367,7.40065065669928
9.06275010308598,8.3671491211873
10.6251821295784,13.2028357097545
10.0016247262277,11.9675481444088
9.77788838139106,11.942276682157
12.6714619894308,11.2312388433014
12.5947859455374,7.52209280244804
10.6173981452723,11.3747438659607
10.2089453148521,10.8673603108269
5.43374148739699,11.5191014659617
11.2137491790195,7.49505897617885
12.2045970184749,8.20472918455753
14.7761434067324,9.32115179974406
10.7837988660389,7.91107078647086
12.7943918121873,7.35874117004972
11.4824290040974,8.90986928927902
13.4239882577924,12.4112729029142
10.5286861198767,8.25092543154556
11.1383533901277,7.85685471539169
9.02953269007735,8.71289087904135
8.44206079273333,11.5111680365345
9.93831456507453,8.23028062576317
9.60172461646596,11.5911482716001
12.3771474385763,6.82987957608647
10.4551735814832,11.0473297545466
11.7450603015265,7.6648930559387
14.2377419643177,7.0154746433018
10.4146860163057,7.5027415486688
10.7870768521267,11.7605484333299
10.0583166062152,7.93837169532342
7.88753856730162,7.78748196310122
11.1136356738559,7.41171695574195
7.34440438725855,7.46195861905248
9.46591055516981,12.3690645405568
9.13918049847622,9.19628144826427
10.7771618505946,11.2929279808433
12.0390120459399,8.18039741134696
12.3160983767572,12.4080345497383
13.121558775833,7.42508197274674
10.6693203638981,7.87897464195105
9.73999195214519,12.375577672998
8.0642582299872,8.49863386618276
7.15215085005901,7.54409373287447
9.70717254247218,12.0298411861739
8.08164161609411,7.09466093627106
10.1314755792598,7.26761570022652
10.2003064769931,12.2831310816924
6.11270024286088,7.96659514208469
10.3170282065836,11.5272480324976
13.773182516418,8.22408505725048
8.30201157992557,12.6248538501591
11.1121093551746,8.19443172901055
10.9198781504908,7.8364140364255
11.6701581652092,12.1632853289647
9.54968453064392,11.6618948695167
9.91158026860681,9.59191937574636
11.740802187164,12.0746734527783
10.9137292493947,12.391167194763
8.95317188894248,8.63935507972829
8.7007947606006,12.0056247225997
9.04686527186809,8.34637951360717
10.7450105478194,8.20927320159629
11.1037616256761,12.051640746177
6.04865807634324,11.6286692711087
7.07621481988883,7.35759481961185
10.4933514908263,8.88392475021748
11.8175964844821,11.2549597442304
9.58001030961998,7.82090645202494
10.3859035631223,8.88997347323315
11.1282359638945,8.29680466025134
9.73342203388393,7.80214697758907
8.52963696380324,12.5080841780215
9.53395731119865,11.7238514819386
12.5209140770087,10.501946190923
11.8607835516012,8.54356468699204
10.232056936457,12.0703216746487
9.06096510421939,11.5582529162399
9.13768753591633,11.0495911739173
10.1385748915288,8.58609255954511
7.32223783799477,8.2207815366987
12.3933320049932,8.74114453781412
9.8713699359084,9.69974204576977
11.6074339701667,10.9514270561808
10.3775705701379,7.61207384549172
9.93655045371874,8.30954693139996
10.0548205580026,12.0628123373874
10.2357088658542,7.13507338043695
9.77729911661755,12.0678648399973
9.46941829829066,12.3425881859743
8.37702938915629,8.19253618652767
11.733486765014,11.0877033501471
7.62037282368289,8.4231608587781
9.55352802674132,11.1994301408536
8.05098817236659,12.1244240893344
12.7129281923689,8.14475877564736
9.19250421395206,7.78857045608162
4.5328672214854,7.55466104317825
10.9770646128271,10.7308151822472
6.86743965332488,8.17766015231758
9.44794687969207,12.2070624620701
10.9601824009243,9.39651841621117
8.40881137810214,11.802204911954
7.73356028263244,7.08184341046892
11.2242382457155,12.0414632570337
7.87287863416696,13.7271268765798
9.96635648534345,8.59865100635013
12.1237091685244,11.4681618824227
8.86626708284924,8.3754686495232
9.80703817430334,7.88254425502295
10.3704878632243,11.5728898610929
13.1759321034205,8.48309076139771
10.645640667903,8.11936872775655
9.47949934290872,8.60851948709329
11.9649227321934,11.6929355792246
7.30577339591953,11.4992079906159
10.3352711091665,11.1645635197026
8.63185344128942,11.3740582948764
12.33610508444,9.42336042794907
8.93867153346523,11.5743727763537
8.80024253169513,8.486510555761
10.6827516258523,8.75423091885551
9.93313212766552,11.4491757214503
13.6320892228137,12.8603032089327
13.2753865728334,8.03593122585964
11.4298645614168,8.19430414768152
9.60714949944576,7.07873401509446
10.8149597987697,13.2466368779656
9.68663582317476,12.2581573786244
9.11822278946503,11.9087139164014
5.74452684002356,8.48973867201189
12.1363414068945,7.95858488928546
12.7923309871524,12.275521835207
13.8897712636594,8.47648981251412
9.05818999175321,10.4533893124243
8.45580775565739,12.3556606203814
10.4492713694906,11.3004574217842
8.90438495964246,12.660520431359
9.59928992549589,9.05153606736195
9.46124550566804,7.71780868598901
11.9804664422502,9.05529546231818
11.1243401905306,7.84134278020885
9.81466413147389,7.62570062614548
11.6773589507268,13.0927345686393
12.1611656139301,11.8155365303593
6.88637997106866,9.09699847772348
10.5002680325019,8.3384810318151
7.66336346182325,7.13623596833789
14.5644764430742,12.528305375451
8.58415962617232,10.7651524936675
7.37723702990921,11.0484592244858
9.75567515008755,8.36608331010574
10.42157075305,12.0839281394344
11.134616343115,8.81822225618458
7.64132768453256,7.46805991323118
10.3546330053348,12.7427872646776
10.1877324181555,8.59228684743923
10.7555983409002,8.59214470729396
11.3483326226522,7.71114756718816
12.2535737614515,8.00629320506123
8.00912092330084,12.5926196241508
10.1364379970787,8.29954497137466
7.19570016836285,8.54559072983185
10.4358079866533,9.36691585456814
11.0946823486921,8.79423672564344
9.62923675942256,8.08948451688383
8.21847958674864,12.0943973984817
8.76725237139838,6.67809256588387
15.0371322976405,12.2141772918927
9.01354740414851,8.58761308529023
12.9496584531022,12.4883259601485
9.73412901613466,11.549483074258
13.1174143354081,12.3637008254359
6.79497748251593,8.82657398118522
9.5570527903476,11.4638524328971
9.88797685249562,11.8179033316661
10.835764349918,11.1714372876937
11.295798943465,7.61771119012112
9.96693513481868,7.23616968551094
7.97895989770767,11.2227172867577
7.73753400239378,12.1623997058954
9.25570308569023,7.993108943735
9.60733788547562,11.7439903480096
10.6628041357975,7.77847213146852
6.28400168937555,12.3523291653859
8.91137458012093,9.58168536391678
9.98659258342699,12.0730452325227
10.4717656681278,11.9895287843785
7.35553025838246,7.9849230110714
9.80758182814443,11.7534118525114
8.46219784381679,11.3762302082592
9.48630366171588,8.58972901720033
8.90202815630132,13.1529132021486
13.3826385879029,11.9583425302275
8.11005805147753,9.11753615883463
9.63311400495367,8.43624413877357
8.35928886924613,7.88338449880352
10.1743559770392,11.5476261051765
8.84977491210994,11.5084297582358
11.7073274565686,8.41133057780452
10.3306572127518,7.98983772102655
12.4287416272047,8.19153774496849
10.0275754649847,11.7577234869842
10.6230313783402,8.04969829819806
11.2747742381706,8.91147469431105
5.5538795401718,7.07890312999936
5.31723158698743,11.2064879567009
10.2738284820823,11.3574192537785
6.57038034262369,11.5828140452007
11.043389403581,10.8731736816343
10.835701670423,8.16231761096705
13.2260987468354,8.8553300529788
8.15323742912914,9.0195056695583
11.0893354960062,11.9695628219748
9.81360205197448,11.3000746147571
11.4951032843334,7.25480944400644
11.3119751312772,7.9413513194449
12.7203738798214,11.7463837702154
8.92947710172465,7.51854953197837
11.4874085773191,7.97056587271362
8.90882752797194,11.8517082194113
13.9058921023827,11.1716687418991
12.1250633933788,11.6616281881828
11.5891337852696,10.7288265258357
12.0421266991219,8.17049689811546
7.47668702391661,12.9534739789708
12.832909900214,12.1005947245557
10.9513179355547,8.31892336561975
7.10054955189827,8.56243574978701
10.8106640513648,7.75364843431368
11.4839450005893,11.7948965514329
9.04049768303228,8.35349864901306
9.41834194277739,12.4510221223635
11.3918242797342,8.9652878962999
9.81263054078026,8.68071406831901
6.86100847643953,12.7250662386551
8.97371651707762,11.5478082112539
9.02363993358012,8.14358588010979
13.2081802255152,10.9672544375683
9.54145485613647,12.9812630865957
6.87483705952169,12.1625823621119
11.2734936723254,12.3696293656758
9.20670284368791,11.5228011250192
11.8548751208858,8.71114345291385
11.8886271159925,12.8767559276475
9.3440099499834,8.57517638021128
7.87490346079875,10.6925476869434
9.02995514768198,8.83761095453355
12.6496325482738,7.38323105898115
11.7411196690822,8.03739694388452
5.87502130988722,8.94923236506363
9.39441932029061,7.50864329028425
6.17614160579936,11.8651870617915
12.0530790590651,8.89378183098743
9.01314641410183,7.34072071524343
9.20159769148984,11.4614132790567
9.67032248038047,11.6797669831473
9.79428963064838,11.6976951211225
12.1960309273569,12.7739860409266
8.04983528035047,10.7099226715207
9.91829052779621,13.0066145460512
12.2670035582257,8.15569910604279
7.8274189070639,12.1663371889195
8.51069697371223,13.0797746300135
10.703082684336,11.4441872031338
7.15851820487845,6.26772434299645
6.60810431586927,8.46056347736357
13.5911572525025,9.29133513678256
9.56655514577666,12.3692930886508
9.37061753263781,7.77344380857989
9.89231428944429,12.2207445601469
11.2634625654632,12.2966920086509
13.6258314838186,11.6011687995612
8.60592253987238,11.0088444263661
9.50901359652864,11.7833394608683
9.3997354488698,12.26718192099
8.96293614420085,11.7563722814744
10.9368893355327,8.88567190935979
12.5028693002163,12.0720612680875
9.06910157039689,11.9005323150145
10.6180628123375,7.56120085571531
7.62041844957676,7.1320163834833
10.7556479128958,10.7413713986322
6.96521440353871,11.6796459023302
4.96931720929563,11.8083816571007
8.19808517248735,11.9451743531394
7.37084176128673,8.57101002978834
10.8668024535096,10.9815964999863
9.46227000261275,12.0336026384791
12.2038644630025,12.3989659558513
9.19890018460159,11.9623928089179
10.3893631994157,8.20304259287686
5.6183273702837,7.98079906302255
9.16936327594796,8.19777352352305
10.0645231010353,11.5873149187686
9.82471950613729,8.15132873971844
7.27794226444033,11.2522317281422
8.04139984379417,8.33718831366043
6.30800747226879,11.5478717529204
9.90601484490168,11.1346835530356
13.9328147012151,11.0149192856781
11.8846167892572,8.43144501431956
8.70181344419791,13.4732922279962
13.297936441686,8.02493036654269
11.7528859367066,8.78776396757006
9.34239407626552,8.6805844698504
11.0522714861909,8.85027211905354
3.84389826155597,11.0086368813387
11.0636002603952,13.1311341867741
8.71379956042171,12.1809141614471
7.58673021416375,7.98251968843818
9.07738223669956,12.1747696839407
8.90621198361142,12.6093757281918
9.64276401460209,11.5904387661194
6.57707264073845,12.4336654634769
8.60395486310829,8.06268698386149
11.1363459211742,7.9186898299921
10.6428284223087,8.36641002546237
8.80043993334079,8.0707884569876
10.7383678428622,11.4855287594521
9.81209056170957,12.3583505407757
12.4668906371754,12.8088006021687
9.82187420422376,8.57889677937378
12.9298135353257,12.0174088736746
6.09742804646679,8.48891214128568
10.3846810941644,11.2284707126846
8.86903771279362,11.8462990662951
9.41719794102446,10.9376838535973
11.3559384015803,8.40850326657799
10.7568059021275,11.8728466969814
9.52840212265721,7.66463491584921
9.06634924545918,8.11636215888013
9.97341009219212,12.3286507766159
10.7198740707861,7.24414483560007
10.3415852064057,11.367331968159
10.8566390384979,11.7143766149217
6.5775938316676,7.9264640445546
10.4728325555468,7.77363046595461
8.50438433693705,12.6998021139866
11.6519504757365,11.8727276370677
8.57518541774462,7.78889834839959
8.30664052235177,11.7526223522052
11.8369607925276,12.3946888308177
10.8125102618973,12.0551964817164
6.41175971141928,12.4439542428765
10.7631341350428,8.15547684230715
8.10053743436491,7.7696461112514
9.40003311550907,11.7875903178098
12.5563750637726,12.0655456380156
11.6046864055294,7.37332767024508
6.14366669305163,12.5734192314529
7.62703189656626,11.8458117731563
10.845774685671,7.68337958985191
11.0573609175733,7.30220652517113
10.4020894553498,8.75327274848507
10.8039340836055,11.4654700359872
9.69141349266837,7.53026461611415
9.57882982441857,11.8035589730322
8.81026153375382,11.9107701856944
9.23952210192626,8.23106501296162
8.02381131489397,11.9753192185802
8.68685524748599,12.2978498944102
10.0155157568883,10.742753642773
8.97838052769339,8.22655130006286
9.66920809509726,10.9927496950213
8.05258311481971,11.2766577463855
10.5468590793403,8.61566318157009
11.8683316173014,7.69812753912416
7.28918239020033,11.721236761135
10.938130688315,12.6878102072321
7.7243719213806,11.4190000576274
9.46978382001477,8.36287751601428
6.98385836230795,11.4298596711335
9.08394247304157,11.6135114829464
6.13490353189838,12.3844785316443
12.0351998213837,8.92419816346175
11.8716642805119,7.24035367183828
11.6572878391352,12.0062892781015
8.01326484529558,11.8125703725351
6.29232898373166,9.29008669212438
10.6176173375406,11.9242682063868
9.40683957211479,7.78310348555536
8.03093161110385,7.31958658987216
9.53127920390453,8.81714984761031
7.96281231636401,8.12280059867105
11.6212481036448,9.2402996141578
6.11362700727878,9.58619303499348
10.492510569506,7.80950979379483
10.3097947894872,11.1555661487113
7.71344258583116,7.1032561449193
8.20686590223963,8.33130217770394
9.92076122660876,11.4544488892353
10.9154009241721,6.59224340149608
10.6364702940499,7.26028306082912
7.49439684949568,7.99656957625909
12.3168385507653,8.02309168635709
9.35949352241794,7.54855076185913
9.3317257975522,8.42020721213905
10.8595425911692,13.2493044630932
10.144219568431,11.5167311301982
11.0719751972284,11.6056089684615
10.8915765777878,12.9369025313426
9.23963752772973,11.5217531261384
10.162664762778,8.4978329270802
9.84439461942672,8.32106908362939
12.4132304823974,8.45770561576373
9.01256899991536,7.27799489194588
10.9674125845759,8.3559233615889
10.4948085171563,12.7495224166936
8.60383521085585,8.77837852541868
9.9911189215848,8.13830366943917
11.3930767372474,7.91169853950122
7.64474346526189,7.84523136963915
10.8112029580815,11.6762832158611
13.2325431022017,11.5719644879064
13.4209412927753,12.0688598729664
10.2432298402323,8.66719358834445
12.1387996194205,7.8859562451232
6.86402445181337,7.46616108937014
13.2342906435017,12.9741956601537
10.009101152516,11.649646399186
11.4586735115433,8.8203891402243
11.558747899331,11.7565008027095
12.3281103773222,7.46739280319264
11.5860173274156,8.05306697861721
4.86136640527969,10.9507807737686
11.5988573292798,13.2161959315953
10.8909134621059,13.3689988065055
10.0218489442108,7.36357860827524
8.61003780025076,11.2992601813446
9.99710754704134,8.25623276308045
8.47279554703637,7.51546435793768
9.59224364297181,8.08107747163299
10.3976441108652,13.4658251609885
9.18605511243603,7.18654082535529
8.71409295755305,7.93714419811052
10.9670621484118,9.23759568179725
10.3709486816907,12.2201325060882
8.79144921409685,8.08200512216813
10.6777191841169,10.9016883986206
9.50909194865165,9.69139055811024
7.8394390705493,10.5859920407234
10.1742010109223,11.467046896907
7.86982859048943,7.49260912907156
10.2433654130194,8.12268835960936
11.9487463491906,12.1982556400716
10.4706288717985,12.7867630882178
10.4856131434666,12.622591795206
8.14710584778168,13.0575343554467
11.9372433439885,8.29484792078375
11.9874933753505,12.1069040314588
13.0546800859068,8.8912660090339
10.7037784807184,11.6700044516378
10.8584229082101,11.3974513242119
7.14528328770087,11.4648045876548
8.03930061840808,12.2287588539598
7.59973935706775,11.4450963527933
8.4149152292161,12.1920115179997
7.09531977562097,11.7802662274957
10.509728064216,10.3128309562231
9.64161058620429,8.56426776366247
8.69825716307829,7.50083462928493
9.37019025427186,12.7905403963982
10.6679560150465,8.28252748602567
10.0242420825397,8.76303370531302
10.201079950297,7.31982367353417
9.23530104499033,12.0915808858842
11.5888140542433,8.5130489132784
9.62083792272696,11.6156568035136
10.6806891751707,7.58021488194818
11.2042996468745,11.6570318356346
11.4934979486624,13.4724561163005
9.61369667367728,10.6465241598029
9.88978062109013,12.9684921517781
9.31990972758974,10.9865781812172
10.1132790176861,12.4040035852732
12.9754754697552,12.0397892407756
8.8085963725841,11.9287810720445
9.94322506804486,7.04774885802575
10.4091579515284,8.35637525465911
12.3904227798055,12.181802809691
8.04585161554325,12.0371424955734
10.9598418858951,12.6426282994574
7.44773874134979,8.42559173611569
5.63959400965353,7.22063948391655
6.49013132687443,12.6784146334629
8.29788655633517,8.76158524603916
11.0371646376854,8.1483314442461
10.9139515618314,8.36769798865045
11.853596179526,12.0903377461668
9.60496383250603,12.0770556914583
11.3295506920788,11.6546650624439
14.3586069949191,12.7590620185057
9.31161920638323,12.6627771250814
9.76747491430202,12.0813301241755
10.4487801133517,7.30856994869277
11.0583940777843,8.09395633839244
13.4103024442023,8.21754555792975
9.86460436801511,12.1046690654625
13.2281675064069,7.96600375382108
10.7198232563403,8.37352822936568
11.4946198677027,8.03279140549698
6.9936899780628,11.1077759310286
9.14955367127635,11.7023034021322
9.97422121602948,12.2595568456494
9.37172036485065,8.16069402377775
6.51441351717857,9.09849274164554
9.47849814827224,11.687330526368
13.2203935038051,7.83257942081529
8.94786783854007,7.59708589264831
9.50484479967374,6.77538854039327
12.5694772633948,8.88325348392094
6.45994459830262,12.4019607633386
7.88880062205786,8.40652551989325
8.44802345994773,12.3806847978208
7.98393416135109,8.9622662805518
7.5916461566521,8.43928362970728
8.79911616477739,8.65678408161663
7.13424243361513,7.76340876338065
10.0102632126677,7.74110237075202
10.7817550623203,7.42214648282654
8.67782907844584,10.4288528184284
12.6394653043188,13.0020366219376
9.60794063962956,12.4145231020246
7.02063852520204,11.851907509702
12.5319438881099,7.49519209774235
9.34106444353285,12.3950734900272
8.22381669956052,10.8914629589411
9.59048218646267,8.7453561967061
8.51892288314399,7.31012442315991
11.1916183350849,11.6167826743277
8.26114695328967,8.49054164978342
9.82136073583554,8.54133820117275
5.43264542442323,11.7797077510286
8.09531990756477,12.1741898589334
11.5538872755175,8.23680536468807
9.17530387492931,8.80118221664155
8.9432320588148,12.8616453788196
10.2418088141834,8.8180612861311
8.13407998036169,7.92737537656113
9.02420812681667,11.7178015708969
9.67056563595976,8.17881024979255
9.64863114582273,12.1960176145076
11.0267274180421,10.7953865495199
9.59206763075419,7.47054542489531
11.797321619039,11.4773673385978
7.74546689010402,8.45536626576878
9.42325598020781,12.7971895418288
9.59871574489408,12.1159409793749
9.11575122758011,12.289048439669
10.9688690047052,8.64258012725798
10.9229939826762,8.06625806701703
9.32504404824474,10.5430083056557
11.4260817618594,7.53864723789671
6.88078169901958,12.4619946573777
11.1989468572643,7.29207259402137
9.72115286899168,7.78600252460822
8.56416397750046,12.3005820026081
8.34783603137283,11.5076526826124
10.6423522115157,11.8309442858432
9.34137910830259,7.79954444926901
9.75075965212342,11.6624591091371
13.1699786704426,7.76831160608554
7.99823005158477,12.1042306119387
9.57043587682399,9.04653025922612
10.4588000352505,12.0751929915341
9.26495546867437,12.0654502953943
12.8396075919312,12.6303985077019
11.0932443307638,11.0533747792212
8.15039605637091,8.59619330560038
8.43632663751295,9.18417996372359
11.0125675157443,8.66726570833137
11.6902021410914,10.9888680479771
13.386670938914,10.7156989287041
9.55726490654721,8.00202026147523
9.29308409712032,11.7966617483949
9.81850395911033,12.0167006549145
9.53148894107725,12.3748022832148
9.35843782797854,7.60357898634895
9.87812540914563,13.1030773972282
9.98906677597509,7.83799473499072
9.98138506431167,7.34544825931771
7.51442386422025,7.6883226838603
7.61771025228029,8.98416341802754
9.65226716999742,8.51180923611947
8.86723781563649,12.8772540774506
9.39172048019788,11.4015667026219
7.2816779270234,12.0316081974023
6.5901266239565,12.2091052353514
9.64537203122802,8.63708156041494
9.60902944661896,8.73205069232162
8.6470689981999,11.2742390673686
10.3535026863375,8.5484427683288
12.9627850098529,8.46117995018383
5.61228211506449,11.0839806326642
11.0145208525497,10.8206242563221
6.9385454212947,8.49532656059418
13.4434019920841,12.6622625707989
9.98572909018836,11.8817719019271
9.01361162955719,7.77548677570669
11.4081118262701,8.52976710649923
5.48149919364517,11.6027413215001
12.6722776781308,7.60357548386315
10.8274531529601,10.5420268188015
12.8300743355725,11.3104092059848
9.28624063966457,10.9847043574345
9.16357172577796,8.52043017020748
10.9953747832392,7.72417000126513
9.04390683023546,7.95828518394342
9.54096622463815,12.0480409012007
10.4190570426626,8.30893494907292
9.13955904352529,8.34027426928414
9.26790598406174,11.7455301885299
4.02272452710571,8.56342129398954
7.63781965090222,7.33691946592543
7.73202552893282,11.921133228131
6.89851360509877,8.43111501132157
11.3037647851858,11.5206637556668
10.3092108421444,12.4943002127053
8.59172286037043,11.0709857956016
10.4181223601786,11.2716608996479
10.8139106407447,7.60079424939528
9.35534505488992,10.8756162647414
12.4032703231336,11.5311178401755
6.13644240261395,7.93131114250434
9.63947221367207,7.47415362716821
12.0154661371875,7.83075248343223
12.0586890127833,11.8040649042944
11.4044989530947,8.907884136649
13.0091856640821,8.68757450726361
10.2871861621811,11.4259220821273
7.08779298950437,7.83478497676589
14.4229593711155,12.6447330329937
8.35864831451796,7.96120133845388
7.44836920983361,7.20821142837422
9.96573577761246,8.5113605628185
9.75124637535624,11.4660437167644
13.9373262375062,7.58191902956068
8.53200918465366,8.71971310364805
11.0643217264262,12.1170890511829
7.62304060204125,11.1747823084599
12.0470541517881,8.18536934406043
12.1154466013197,12.7215341139124
12.3244017685782,11.5454512629913
7.31814518571372,11.7742149693882
10.2264927034731,8.89462895461612
6.33915793106094,7.58030116516381
12.4097200775467,12.21721219555
10.039478048376,8.66632807681295
5.74650942584886,11.3026809363404
9.89955598239629,9.27418546344359
9.52365183911022,11.8567356939566
11.5528106167993,11.5804789103497
